"Accession","Buffer29_Idirt ratio","Buffer29_Bayes Factor","Buffer25_Idirt ratio","Buffer25_Bayes Factor","Buffer19_Idirt ratio","Buffer19_Bayes Factor","Buffer16_Idirt ratio","Buffer16_Bayes Factor","Buffer3_Idirt ratio","Buffer3_Bayes Factor","Buffer2_Idirt ratio","Buffer2_Bayes Factor"
"1","Q15323",0,NA,0,NA,0.0205422894772908,NA,0,NA,0,NA,0,NA
"2","Q86YZ3",0,NA,0.000110340180318088,NA,0,NA,0.000547098209557378,25.3882183251805,0,NA,0.000309585160765327,NA
"3","P13645",0.0540449381951581,20.0772866754932,0.0236381178560984,24.2945582754322,0.0232031771414124,23.1719073818974,0.0160263195333684,23.7341546164525,0.060394306969789,20.2768619153279,0.0445238043409262,21.2494212954344
"4","P35908",0.0986761958221282,16.1595350308938,0.0628587812950013,20.9408606448036,0.0606913683702431,19.4788012726326,0.0387352334743841,14.5937001963622,0.104878852213137,10.4326484156034,0.0715075926429106,14.496939990923
"5","P08779",0.120028399228526,9.430743607186,0.0435454351552106,18.6322714354136,0.0289063326232147,20.7720934270325,0.0220925676317384,22.975933412408,0.124266640358932,13.8146412768153,0.171548682552881,9.04182675996363
"6","P35527",0.0615317675008537,18.5287110172387,0.0347975311770589,22.1062129435993,0.0175512383092264,23.9696531971431,0.0163972666841874,23.8880522265398,0.0461602406728498,22.364198280498,0.0385348594985561,22.2598302928088
"7","O95678",NA,NA,NA,NA,NA,NA,NA,NA,NA,NA,NA,NA
"8","Q7Z3Y8",0,NA,0.256825977762017,NA,0,NA,0,NA,0,NA,0,NA
"9","P04264",0.910773934558615,18.2736323608347,0.83239474735742,10.8918991644273,0.842535217599714,12.6350921421172,0.735742830348074,7.02080982932506,0.872467453711384,15.9277092176805,0.883419166876507,16.9615585755507
"10","P19012",0,NA,0.216743344826946,NA,0,NA,0,NA,0,NA,0,NA
"11","P08729",0.0322561841142391,21.5989264831497,0.128157586470481,13.671750064493,0.0886016675718449,15.0671240937034,0.0209318546680516,23.3698216712812,0.109999375000193,15.6924510763598,0.118461027465445,13.678042091733
"12","P19013",0.229050691511971,5.78565167008021,0.229564315657224,7.39493046750994,0.163111690731333,10.4481599864515,0.1210215910625,12.6832397841212,0.370690126483876,2.23931886881375,0.30262550263025,2.56546412212227
"13","Q8N1N4",0,NA,0.00468942740676383,NA,0.0264790357740797,22.7366152584656,0,NA,0.0154722031992827,25.569942868781,0.00771967168274167,NA
"14","P13646",0.303267975447684,2.23595208383171,0.0784095623228066,16.2238042468109,0.156450804877967,11.4612712452673,0.0736058243898851,14.8884725192955,0.305279364035952,2.35497641441863,0.188039883999619,5.26320500650693
"15","P05787",0.00162084022950857,25.8673780264154,0.0256006806076598,24.4280796008312,0.00527090377241109,25.4509460984017,0.00118888415869939,25.4935799982165,0.00820007831083361,26.3656926194283,0.00879526420488931,25.4200485951502
"16","Q7Z794",0.0548459081308316,19.7761816495033,0.068524075712415,20.3069238726884,0.0851218289290445,16.6890357730138,0.0138008493514682,24.07520765538,0.128863679580615,13.9874768529752,0.136487463914553,12.6833837287367
"17","Q9NSB2",0,NA,0,NA,0.158112912271384,NA,0,NA,0,NA,0,NA
"18","P04259",0.0956164662707972,13.7432964640553,0.0845419308177098,12.2651875592563,0.0342044052097433,22.3536144743504,0.0563452507772147,19.1071377643168,0.16091171870094,11.0648150630537,0.137175588327617,12.6152232814636
"19","P02538",0.2005047141184,6.50776648216444,0.182741783699868,9.67308474877541,0.216281835026538,6.93718747692304,0.145263503084466,12.0202817882882,0.198793002860478,4.44277552568949,0.157733261167408,10.9313352082066
"20","P68104",0.583278410516426,-0.407661042912618,0.537553978795468,-0.727158496570274,0.587115399155698,-0.2544405319296,0.527553236696391,-0.848962156264999,0.632480562481295,1.03674132450274,0.644024292460639,1.29099623076476
"21","P08727",0.0728806735523128,18.8325812004065,0.153456908421745,4.19680247081115,0.0378083545456162,21.6616734205632,0.0113846915386642,24.2161242614779,0.112304228759798,15.5042976370148,0.111675600426906,14.2709540689921
"22","Q01546",0.0159591810389453,24.1417811255284,0.00321200314150863,NA,0.0592758788542695,20.1948383290733,0.00508014506986472,25.0306623098948,0.0341945802233747,23.8802186353718,0.0295021440730375,23.1603102388742
"23","A0A140TA69",NA,NA,0,NA,0,NA,NA,NA,1,NA,0,NA
"24","O43790",0,NA,0.0483205656675097,22.2924527757202,0.14940275884826,9.1095669275082,0,NA,0.030628553466916,23.8959823745281,0.00964332745493762,NA
"25","Q9C075",0.00649946785949657,NA,0.0180414280595404,NA,0.0501093848848121,NA,0.107230736796205,14.4224387426022,0.0705392142936398,8.43379372357394,0.00610840174954925,NA
"26","Q14CN4",NA,NA,NA,NA,1,NA,NA,NA,1,NA,NA,NA
"27","P13647",0.0401601610585424,21.5341990249229,0.0192400188757266,24.469177814853,0.0344724639389274,22.2449579828508,0.0168772162620166,23.7878653287954,0.0594133331201077,19.9682797864099,0.046815762055223,21.2285515461925
"28","Q6KB66",0.078790688858681,17.5907235369642,0.0895102192937576,18.1162990072454,0.0756927582770998,18.6010390786134,0.0149756720598826,23.3472269532922,0.177561635450845,9.82685758526212,0.156786468048552,11.6428709944051
"29","Q14525",1,NA,0.5,NA,0.910666707585283,3.36282474275544,1,NA,0.419446323907542,NA,0,NA
"30","P12035",0,NA,0,NA,0,NA,0,NA,0,NA,0,NA
"31","P78386",0,NA,0.260575170263578,4.97531009650467,0.299151394415307,4.32542183410805,0,NA,0.254042413330505,4.91730033239963,0.278060912086164,3.3813882003598
"32","P05783",0.0731636885798934,18.0400856959638,0.256331844000094,5.68918013326121,0.133674708077244,13.5321549416053,0.0321306551872077,21.2610205470442,0.175936801551178,9.75804306214799,0.174614581846512,9.15340103135607
"33","P02533",0.0492991491125179,20.1950433048404,0.069133254838795,19.7626446225888,0.0274180152434996,22.7255092302142,0.00957764081479193,24.3188047178319,0.0542545332950714,20.7449356487277,0.0722721361618287,18.4122361739519
"34","P68366",0,NA,0.371101448134111,1.89565703757351,0.509789303005285,NA,0.5,NA,0.429943838224197,-0.431181323345885,0.368589953414393,NA
"35","P20930",0.371596165252076,0.683336881711667,0.35544757825854,1.83168387111462,0.176411818595962,7.32493947577568,0.221760468090834,7.11845857555389,0.175253299358592,10.0044485022004,0.557732886430255,1.4555152638838
"36","Q04695",0.126580168236921,14.4946094995491,0.156126232382872,10.5942458662337,0.0509678502148733,20.4984065011414,0.104867851558777,15.1492499317352,0.168139851813796,9.55082498882291,0.184469352129058,7.05371254766316
"37","P63104",0.255421565165401,5.8639796046031,0.117182145134587,16.9448296639731,0.296245183532163,3.27740157727009,0,NA,0.339293507725439,-0.838058226150179,0.306379798593044,2.55629025336217
"38","O76013",NA,NA,NA,NA,0,NA,NA,NA,NA,NA,NA,NA
"39","Q5D862",0.00830557623628917,24.7533047714336,0.00507110104455587,25.861084152679,0.01714896050896,24.4053814724116,0.0109328376887242,24.4852756376081,0.0123833794525003,25.9881200577806,0.00607065313137155,25.9170754760773
"40","P68133",0.51862239838243,-0.668230181428291,0.461592387677701,-0.826968276507314,0.495052658350199,-0.7432336536554,0.560606439261447,0.301129391712875,0.482501114439726,-0.844337360597564,0.512754672279892,-0.817529787693579
"41","Q5XKE5",0,NA,NA,NA,0,NA,0,NA,NA,NA,0,NA
"42","P22626",0.947570859368358,22.013936998523,0.881954926714,14.3661567514296,0.841205292552786,8.49027631537121,0.837337234693274,12.5213145633142,0.806006740444905,9.98498336114861,0.868367546533328,15.915193312042
"43","P00747",NA,NA,NA,NA,0,NA,NA,NA,0,NA,NA,NA
"44","P04406",0.626904291671174,1.34324883049331,0.535224054811626,-0.65943383323166,0.424336851488955,-0.566139749244434,0.460756157697222,-0.714866453313242,0.623941895617933,0.582053877034283,0.628787693147885,2.89870255345993
"45","O00425",0.93508423645605,17.5864540669963,1,NA,0.395674280312633,-0.133753082086234,1,NA,0.668533541403432,4.68074780109079,0.587075030001305,-0.586497123965075
"46","A0A2R8Y811",0.664086009688063,2.58550396701908,0.434666083457158,0.640307997864527,0.625542053250386,2.90079391903559,0.544298914206562,NA,0.579861409374151,-0.65649080474622,1,NA
"47","Q9HCY8",1,NA,0.214370439819933,5.58829148397475,0.192541157252025,3.72170984458521,0.203941596622525,8.23275968279333,0.260155715439724,NA,0.42693794351574,NA
"48","A0A1B0GVD5",0.122001093133309,12.8704231488432,0.16165415256432,13.3814395981765,0.0716344722516811,18.6383667007151,0.0566232492117411,20.1450006770527,0.146736971398349,7.13107317439659,0.176701872776055,11.0950009737289
"49","P14923",0.602266044900358,0.121652697812526,0.404448282239997,-0.0869382802247718,0.64249378532967,0.603571294653467,0.252729338298816,4.51064245883643,0.693340237299656,2.46433126972719,0.616515911660208,1.16526209336118
"50","C9JEU5",NA,NA,NA,NA,NA,NA,NA,NA,NA,NA,NA,NA
"51","E7EQV9",0.977902777967815,23.8146972620124,0.444026963115559,-0.464063224031556,0.587506051973089,0.963395283596041,0.894638006763108,4.73629014368162,0.7295246509739,4.20963249595303,0.507558250421274,-0.631278150029711
"52","P62913",0.347395441483834,3.76086902488806,0.315588508798644,0.804744578520819,0.519571736581398,-0.838645698491112,0.429743236701424,-0.762986896185518,0.511674309064423,-0.551223452552659,0.439245971953968,-0.701411170785565
"53","P62266",0.544297574457727,1.32014752014601,0.490252135761821,-0.842151056153766,0.49482520961779,0.261170803981323,0.585955932038018,-0.0743800810648589,0.512093836471481,-0.78776603645649,0.493882369358193,-0.847289806764874
"54","P61353",1,19.303774323145,0.303216723637202,1.85821291967062,0.373270939496506,0.147588311410359,0.37678626842537,0.128753791382854,0.458757377628574,-0.737730028076496,0.463369758875086,-0.75916064090747
"55","P63173",0.543922120061475,1.35182950827007,0.576884199422641,0.980837040863658,0.516927706993141,-0.629034276998205,0,NA,0.536672472005609,-0.70595508537944,0.583688916973218,-0.214755008215141
"56","H0Y586",NA,NA,0,NA,0,NA,0,NA,NA,NA,NA,NA
"57","Q9Y265",0.0381608524998274,21.9920420708939,0.099229235855307,17.5629550929683,0.475909755293924,-0.844307018195254,0.172080639607808,1.04325995439073,0.328300306629625,1.97246221844921,0.485596484730953,-0.848732651891367
"58","P48681",0.5,NA,0.314692694189282,NA,0.248579479933663,NA,0.662821734213311,NA,0.817553829911872,13.4579294262583,0.798483840202976,6.71292898711378
"59","Q6UN15",0,NA,0,NA,0.454977495223705,-0.716469484741993,NA,NA,0.106982474606138,18.2040485134403,0,NA
"60","Q96P63",0.96412988037681,23.9230003184773,0.882586838795854,12.7085782743114,0.625645691346578,0.0890234645145944,0.624191232527503,-0.187200465100804,0.908658165270915,19.1558405933438,0.881003114380232,15.8251899602266
"61","A8MUD9",0.587059441208114,NA,0.417106059579369,-0.614943131585706,0.421090130874548,-0.0431564968230824,0.278751598607405,0.637415053661766,0.293665440094819,3.22262515565352,0.306393677158276,-0.276139996180052
"62","P01833",0,NA,0,NA,0,NA,0,NA,0,NA,0,NA
"63","P11021",0.635127867489609,0.305978050209248,0.5061858251472,-0.70422035794873,0.61800240122429,0.708620746794528,0.494137708773447,-0.804684137697232,0.634924258095044,1.42928157110298,0.617181926889436,0.745008702263704
"64","E9PQD7",0.537135348973191,-0.722938999600711,0.406085896423244,-0.845109840094378,0.434000021777051,-0.750673886592943,0.595103847026637,0.482048753466184,0.437298551726623,-0.848552590686273,0.487667732177133,-0.734081977889063
"65","Q9C0J8",0,NA,0.193083604725447,NA,0.435968250383756,-0.527493011991228,0,NA,0.495908724256273,-0.844047898006917,0.343098584120484,NA
"66","P07737",0.0677261547898438,NA,0.21792828681046,7.8781677235018,0.253705705028649,4.975565169992,0,NA,0.308086375313222,1.2677267786637,0.364826840703728,1.52080662311152
"67","P49748",1,NA,0.434680969977781,NA,0.462171616541011,-0.744532222718657,1,NA,0.330550356428788,0.17061993814907,0.223718771471042,5.40909959510135
"68","P01040",0,NA,0.052664010503674,19.8261645226089,0.147465095404677,9.9786322760478,0.0230682275478274,22.2207587366718,0.17557310295056,8.86691174533251,0.058923417310141,19.0178367982837
"69","Q92841",0.219448929068212,NA,0.766869529801739,0.902114705470872,0.565820578968462,-0.521914300200953,0.313383107295551,NA,0.544971290232718,-0.397849406391815,0.46043192766469,-0.805688398479159
"70","Q6P4A8",0,NA,0,NA,0,NA,0,NA,0.633016602896965,NA,0.174151522475466,NA
"71","O43240",0.886845613360928,15.9681823549837,0.89601144588315,18.1981573009646,0.922330221302387,19.190747841531,0.873979819543458,16.7718243870678,0.970497288328344,22.7307875375139,0.986815852420775,25.1744542841526
"72","Q13501",1,28.3410303508805,0.869373844120156,16.5757022543058,0.644091458546564,1.13911583010316,1,29.8574336674266,0.663476743006285,1.92739847858218,0.676211237081759,2.15734725285602
"73","P61626",0.230542478385644,8.06923009557146,0.0896391074637549,NA,0.379256144115208,-0.167218905968109,0.58573346248242,0.182029924797359,0.142968904312402,12.0013369470635,0.179537789585929,10.4236162038406
"74","A8K2U0",0,NA,0,NA,0,NA,0,NA,0,NA,0,NA
"75","Q9NZT1",0.643326928134898,0.303664478997194,0.385636719765197,0.0317045818365251,0.139015858030869,11.6801460933317,0.108690384283782,12.8800520408365,0.508706159161318,-0.846901444347511,0.182526825895814,5.022494247301
"76","P52597",0.458345531238986,-0.84868019395843,0.396032419762882,0.112448448829563,0.39692715861562,0.118437494307249,0.254484011783127,2.95758433680926,0.417558033891862,-0.478836656537367,0.409157679546287,-0.0592085870309251
"77","P62937",0.702597456470334,3.12688076199475,0.607797876223787,-0.714330086728503,0.349134065105315,1.12326240697292,0.511399152508326,-0.66977514018718,0.792024177044699,9.14353240667093,0.804510784577788,9.72015290278397
"78","Q01518",NA,NA,NA,NA,NA,NA,NA,NA,NA,NA,NA,NA
"79","M0R0F0",0.072115807766379,14.7632578266903,0.234500201481622,2.95546876908032,0.462486211912828,-0.829781273808107,0.131391337498026,8.75639120815642,0.227219003984038,7.23163987324556,0.196109371124612,3.91438405850303
"80","P25705",0.325293760472183,2.40282975330396,0.264238134832811,3.82510685267151,0.356687431535438,0.640888748217548,0.319918507437037,2.69776302229577,0.474016372031271,-0.792798019891472,0.385507290198578,0.00152417290218176
"81","P06576",0.0741211448090084,18.1791405105556,0.0769990167808939,18.462548890913,0.137904615408659,12.6938147856345,0.0589060898323912,19.8003325244451,0.162620008340217,10.955706430075,0.130044719840381,13.8945500390386
"82","P42357",0,NA,0,NA,0,NA,0,NA,0,NA,0,NA
"83","F8W8I6",0.818374058183094,11.3531499598985,0.467061172583207,-0.848244712415453,0.50887914474353,-0.841076949333773,0.973130951536473,25.3639531690778,0.640624225661467,0.609561990331921,0.606700370144505,0.138102956690513
"84","P27824",0,NA,0,NA,0.832398728028697,7.51043968125614,0,NA,0.494486365366347,-0.795315720003824,0.553013621803451,-0.546969901132326
"85","P04843",0.452050443937094,NA,0.192525107116999,6.90274724191672,0.388931352994852,0.869266750345919,0.173140165775768,5.7241242819425,0.351658057381009,1.26846320349021,0.359753809431408,2.43374737273502
"86","Q9H8K7",0.214139010862001,4.92724198122897,0.00786692260728306,NA,0.0751634964483249,18.6982345511255,0.110377502153069,14.3775924790771,0.0483310869696898,21.9727188854289,0.0172776718577277,NA
"87","P14866",0.5,NA,0.896134847579748,NA,0.632090680763614,-0.458052971347895,1,NA,0.423628464365271,-0.467648378983104,0.607569836708025,NA
"88","P04080",0,NA,0,NA,0,NA,0,NA,0,NA,0,NA
"89","P51572",0.327005823027037,3.48611170729826,0,NA,0.377901680384687,0.202512762067979,0.237408374969512,NA,0.349574820264573,0.948048341760902,0.327655691406003,1.83627212134852
"90","P23246",0.142078497189014,4.54787350846195,0.261062023190586,3.72025673628056,0.344254982598345,0.972776157997981,0.24133785467045,4.64075290990624,0.356471306101069,0.750428976630897,0.352151699572847,0.266645998203951
"91","P13073",0.417830395979543,-0.325472431219069,0.376223450235246,0.507200170331962,0.512805852620618,-0.760279794091667,0.406567577821079,-0.624383892064234,0.39650452102353,-0.131949654173241,0.445922706977113,-0.591871116230188
"92","Q07021",0,NA,0.349080844863226,1.64609537227092,0.383732860185017,NA,0,NA,0.433123804383704,-0.450285128304164,0.308680795272376,NA
"93","P07099",0.0333792819319337,21.8846163137484,0.117814919192932,16.0192433312599,0.21404096138909,2.89034482732297,0.0725573757167861,15.7611483263719,0.138136071598659,13.216482871401,0.170724990652843,10.2011382942468
"94","P62424",0,NA,0.0402181283668133,NA,0.0543477525869505,20.7278349743286,0,NA,0.121346426882582,14.3267306510514,0.089929306564993,16.817649788637
"95","A0A087WWU8",0.985640605945204,8.14198065906272,0.5,NA,0.452188003927556,-0.712711494819167,0,NA,1,16.0239916454066,1,NA
"96","F8W148",NA,NA,0,NA,0,NA,0,NA,0,NA,0,NA
"97","J3KTA4",0.355803557741632,2.15088076387523,0.383577200703585,-0.27810946280204,0.380931387888032,0.755112885389512,0.560192488637125,NA,0.558402110917517,-0.378390271619061,0.409429389602158,-0.497969716726582
"98","P05089",0.0272552324754564,NA,0.0766060610101539,12.2024719608013,0.055867205497887,18.1634602391986,0.0261627767445423,22.1726902971202,0.077240993866019,18.900840659549,0.035503893197399,23.2926354892793
"99","Q15637",0.285572272282329,2.3736268313319,0.545675963189696,-0.18907884597886,0.508090778517571,-0.808516901136405,0.690645161305474,2.12772139836729,0.340663967613225,0.686957838152181,0.335542574131981,0.548761639477529
"100","P30101",0.809195277646087,9.46682468419805,0.633992975921848,0.84728579774186,0.728707504456269,4.66743070909245,0.749837519645569,5.05481065406426,0.732761533733685,5.02288070374098,0.759542271675768,7.62187297908678
"101","P31942",0.682629976681453,-0.122918141061892,0.73828657507867,3.69173249105311,0.409826207387188,-0.316277834406427,0.434807544196374,-0.423460351424834,0.780769586377905,7.12846693547085,0.492563244665506,-0.770585177676812
"102","P62805",0.301594594451116,3.20283322975128,0.217792777174696,6.97047821187092,0.23280266737836,5.23589524737216,0.268266840138964,3.89846413022553,0.386039790033663,0.0672112591083107,0.266105872196951,3.57029265604637
"103","P61978",0.389239818003326,0.219536819667336,0.316903339428893,0.957301587389008,0.370214920415889,0.744757277801873,0.312206629927047,1.29808279031932,0.397865841281396,0.00364336447632407,0.388694988438082,-0.0446662452291728
"104","Q6NUK1",0.35141282532191,0.00348170585619467,0.295550124891904,0.73723553339749,0.398820567423539,NA,0.868607524277771,11.4689747189034,0.49340372024789,-0.369745022469417,0.578470718311975,0.472702665252282
"105","P50452",0,NA,0.0442628198607701,NA,0.300493796785516,-0.537491117741003,0.0836192786382302,17.332072437823,0,NA,0,NA
"106","Q8TEM1",0.163775235346504,10.3123959264051,0.187124550427472,9.14096529976175,0.508222531031285,-0.834766372375598,0,NA,0.24012098010098,5.5714075820022,0.288333730462664,1.3173229383828
"107","Q07666",NA,NA,0,NA,0.368570081627217,0.403012539086195,0,NA,0.427563996191899,1.81745432747544,0.116871882545858,15.5435415486516
"108","P28070",0,NA,0,NA,0,NA,NA,NA,0,NA,0,NA
"109","P42167",0,NA,0,NA,0.326699824870036,1.1057152509189,0,NA,0.262807141402414,3.90106957135739,0.243946137458092,5.13135544317174
"110","Q92945",0.0570820488120588,19.7996405944254,0.140353737150009,13.0432261595072,0.358074499341437,0.702327601353034,0.0624422027130595,19.2585440755384,0.145944276148628,12.5333015557107,0.148054745634504,12.0870332984883
"111","P61604",0,NA,0,NA,0,NA,0,NA,0,NA,0,NA
"112","H0YFD6",0.00598933228169698,25.3082026950113,0.00834412219709424,26.0569190483076,0.0452385407604641,21.0483897972844,0.0114676331897466,24.320538283763,0.123301130860436,14.402620944102,0.0179189612579791,24.3016859154324
"113","P02675",0,NA,0,NA,0,NA,0,NA,NA,NA,NA,NA
"114","Q02383",0.373493146502682,0.985752095037448,0.409241105789509,-0.800619645322227,0.424947745170019,-0.0640946172954648,0.0750083573219933,5.58367210668612,0.466418956104607,-0.594047556994497,0.266152850763555,0.0430190274675888
"115","Q15828",0,NA,0,NA,0.190748699072462,11.3120801626285,0,NA,0.14692108892961,NA,0,NA
"116","P40429",0,NA,0.417445316031903,-0.754234833122915,0.530647327618711,-0.833529729304339,0.517636467757545,-0.791111011019513,0.578313927890519,0.285060381355505,0.518281842807957,-0.667774938100433
"117","P00558",0.828406692089472,11.5269263294691,0.684402385829423,1.36845967544633,0.546264568437739,0.0435813166715531,0.557828049473529,-0.769887433881645,0.80359324374902,9.59623899393941,0.842924065656558,13.198713564613
"118","P20073",0.139907934759409,NA,0.180282756204941,NA,0.49658640216641,-0.813481275867003,0.384752232324553,NA,0.680615072442562,-0.787269249889771,0.399764301416561,-0.20614921301221
"119","Q9UQ35",1,NA,1,NA,0.277819065342154,0.0195492259072343,NA,NA,0.5,NA,0,NA
"120","P42704",0.00704448481023053,25.21723297756,0.0176271854463447,25.0888056927242,0.00670067754358589,25.2340361769671,0.0048221128907025,25.1091403580124,0.0350696204027313,23.2199673236192,0.0357768644089366,22.4659789152953
"121","P21796",0.793070279900098,8.18572840614355,0.618866650966033,0.737682643237537,0.621630281651231,-0.0707080978721915,0.612284989065588,0.660905787275684,0.702042226996083,4.15103615174505,0.635789543642592,1.06666380692607
"122","P31943",0.398626738900005,-0.230514538432469,0.415362457116813,-0.689554291920013,0.439191064170993,-0.568068289789903,0.467968131151553,0.647470358803902,0.41929584477464,-0.409714455795487,0.399056983985859,-0.447350052332955
"123","P30048",NA,NA,1,NA,1,NA,1,NA,1,29.9633727895912,1,NA
"124","P09874",NA,NA,NA,NA,NA,NA,1,NA,1,NA,NA,NA
"125","P15924",0.197593263361428,8.5222438375698,0.206976493395897,9.28697895724677,0.119845952664143,13.9623390413934,0.0618267903353927,19.0127715410121,0.18872730977756,8.61871572958668,0.200352098460348,8.2321173169844
"126","P12273",0,NA,0,NA,0,NA,0,NA,0.0227641978102814,NA,0,NA
"127","H7C463",1,27.6395470843744,0.962668846544548,24.7774182374369,0.904993576904879,17.1096849950843,0.989462279762129,28.2422922519526,0.900973333695775,17.9318084013617,0.948169810024531,22.5036273870805
"128","Q9ULV4",0,NA,0,NA,0.219039851388352,NA,NA,NA,0.237062734269011,NA,NA,NA
"129","Q9BUJ2",0.291437641899187,2.81320399274444,0.218331703991936,4.46916877410941,0.380302232416872,0.0157633737343108,0.105067906566666,NA,0.311461622370827,1.19712017375112,0.33124065541498,0.749732313449958
"130","Q13263",NA,NA,NA,NA,0,NA,NA,NA,0,NA,0,NA
"131","Q02413",0.98693928342832,26.7503908423177,0.976540718510143,25.997984937177,0.97210556464272,24.6004029462768,0.951720769063199,24.6588602452915,0.982735878281226,27.8539928156081,0.982569232778864,27.4575325403189
"132","P84098",1,NA,1,NA,1,22.7991406230195,1,NA,1,17.9675742772522,1,29.6657729902651
"133","G8JLG2",0,NA,0,NA,0,NA,0.00937628157069506,NA,0,NA,0,NA
"134","V9GYM3",0.59165474799569,NA,0,NA,0.684058527935117,NA,0,NA,0.494605645992765,0.130299767147921,0.304315823002732,NA
"135","P61224",0.129137857045026,7.13673708030464,0.185818600394898,6.67671620513646,0.384021003423759,-0.137656907814481,0.0291952749303369,20.3637310042002,0.289959086326607,1.62771603241646,0.344746073955019,1.24115316371247
"136","P50502",0.206422541512525,8.13543745844932,0.211327141551404,7.24454536419182,0.27210969140813,3.36206708080686,0.156164871913845,13.02744907584,0.20970454539675,10.7753588777425,0.289815972881357,2.89076868910131
"137","P62280",0.586543314405704,-0.273404936618043,0.58133001768009,-0.710479305911862,0.816000996519017,10.2203920407973,0.588321598038938,-0.360214362067038,0.918110524727564,20.5373121514444,0.679152425575143,3.6678305013419
"138","P01008",0,NA,0,NA,0,NA,0,NA,0,NA,0,NA
"139","P60842",0,NA,0.184359503065671,11.0515260338855,0.381913192705627,0.791497671549327,0,NA,0.393575835547833,0.748076918105935,0.360172423488244,-0.692634991214309
"140","P23528",0.862779465495831,2.45055640440869,0.164576117983579,NA,0.456609326450584,-0.750052882328813,0.347446643633567,2.79273036736263,0.832634616085583,8.36265680540167,0.654861653356546,1.85531103635361
"141","P12814",1,NA,1,NA,0.419585381910919,NA,NA,NA,0.596243865409743,NA,1,17.1294134868615
"142","Q12931",1,NA,0,NA,0,NA,NA,NA,0.648658135020898,NA,0.5,NA
"143","Q09666",1,19.0075082975761,1,22.4022036545194,0.810341388973801,12.0056993729101,0.939442858902715,18.7582235701561,1,27.5253925184201,1,19.5077499444036
"144","X6R700",1,NA,NA,NA,0,NA,NA,NA,0,NA,0,NA
"145","P35232",0.360180321731161,0.598495015198705,0.249880233011336,5.56839100159159,0.458548210790445,-0.757429749455426,0.38275389622833,2.01294309809624,0.414901650552786,-0.387385944640241,0.449313483106267,-0.70632058972771
"146","A0A087WV45",NA,NA,NA,NA,NA,NA,NA,NA,NA,NA,NA,NA
"147","B7Z7B0",0,NA,0,NA,0,NA,0.0985569291242542,2.22447991986758,0,NA,0,NA
"148","A0A024QZ42",0.493115555783078,NA,1,NA,0,NA,1,NA,1,NA,0.497241984289913,-0.838597533305866
"149","P23396",0.433294172909424,-0.50494508381736,0.27986126678942,2.88003870204091,0.476429794316986,-0.799363938816806,0.32363313900058,2.83253749478395,0.452879313172119,-0.760344761422283,0.397313614860487,-0.111157617812982
"150","J3KTL2",0.577605921837074,-0.66176508290449,0.227954443157906,NA,0.461053402633357,-0.640692588744216,1,NA,0.414194934347529,1.44448996068162,0.435120057893799,-0.095923691459213
"151","P35637",NA,NA,0,NA,0.587809757922394,NA,0.5,NA,0.580954233951654,-0.848842113275197,0,NA
"152","P17931",0.513506272464154,-0.373853843931705,0.28538950880971,5.75304716155642,0.291024529484351,6.27311660163056,0.202024804089346,7.83371965528591,0.585190604129138,0.255406470381381,0.486494666853572,-0.845521277073553
"153","K7ERI7",0,NA,NA,NA,0,NA,NA,NA,1,NA,0,NA
"154","P07355",0.566943955313711,-0.297446007865519,0.351130840588187,0.961378457908076,0.292777043564576,3.26390293318851,0.239820924224683,3.59614432067831,0.456291497925268,-0.706419187314814,0.472769130100791,-0.846690784822024
"155","P49756",0,NA,0.0102628394333072,NA,0.350093787866998,1.65622405839997,0,NA,0.216278930500183,8.20318567571152,0.144149443532286,11.3797865673488
"156","Q12874",1,NA,0.497614679561031,NA,0,NA,NA,NA,0.831946962512758,9.39071803700664,1,NA
"157","Q15365",0,NA,0.458964893829857,-0.814667973617855,0.409612791752812,-0.428167179395378,0.135142164079017,8.29252789783478,0.585115007665404,0.241188843965184,0.490544931259342,-0.796175917548906
"158","P02545",0.890563198912394,16.2612912189111,0.805402033456686,11.1212861150288,0.401110648378263,0.322862663939842,0.260782674690834,0.829376086558036,0.737572306810179,6.36947838297564,0.68719090362681,3.24770325377146
"159","P67809",NA,NA,0,NA,0.433893210234932,-0.652493132032659,0.446045906095266,NA,0.495135467399376,-0.84193994475028,0.362779889228397,1.11612734116623
"160","E7EPA1",NA,NA,NA,NA,0.85529240383065,15.9191504891666,NA,NA,0.682722310552064,1.87113965221056,0.825479730342658,NA
"161","P11717",0.198950514943299,NA,0.444411799163876,-0.799985202887024,0.469660511476811,-0.840825372367921,0,NA,0.323022995508203,-0.00268633374342819,0.521139067646207,-0.639289478080156
"162","P62081",0.280217048302266,5.12402909431965,0.066758824457962,14.7799317548343,0.0647591887922613,18.85036485113,0.0314023159705941,13.5443708403602,0.211383652474365,8.20474046283102,0.0751307116944464,15.7580781748158
"163","P25311",0.85136742239116,12.7761713694061,0.740247202033878,5.08742084428405,0.746346175862818,6.04643811143565,0.669654043301491,4.10445150789899,0.88338856464849,16.9391382458521,0.79486533501902,11.2309645050059
"164","Q9Y2W1",0,NA,0,NA,0.222353059147478,6.3549732221812,0,NA,0.325869467780648,1.68718301687715,0.262966236348599,2.87497696248344
"165","P11142",0.482965753003542,-0.845873952134528,0.439088559902052,-0.546047339309757,0.511223918606582,-0.834991766544275,0.367262261481838,0.618933620201313,0.500852714484262,-0.846947264657096,0.504652069104939,-0.848605840751439
"166","Q7Z739",0.530541337033615,-0.779014336706687,0.301305295786457,-0.131632677825274,0.493043359297455,-0.848322212394211,0.555105130972975,NA,1,6.26970967843963,1,NA
"167","P32969",0.11177580239423,NA,0,NA,0.667303072210308,3.48205821609437,0.522128739414171,NA,0.534651555206183,-0.277860279502215,0,NA
"168","P06702",0.225427012727219,3.45345536754304,0.175038540194485,7.64559423673225,0.0456046819944102,19.226426173251,0.0389832285284603,18.4494479578894,0.256526854091069,5.79752955482794,0.19484670464298,7.11146026761252
"169","A0A087WTT1",0.339281188837344,NA,0.589989667930998,-0.344611789333171,0.592233898699696,1.3197253551162,0.682492971459057,1.92433908816506,0.626006752938751,1.25155447291765,0.737403049130719,4.73060278295542
"170","O75306",1,NA,1,NA,0.605152001815071,NA,NA,NA,NA,NA,NA,NA
"171","Q00839",0.555867913062746,-0.549393798266521,0.487743879865291,-0.528873076391012,0.367499060959099,0.388185388690571,0.308854068108097,2.23051312661976,0.395627543907905,-0.2299865332966,0.354703501970371,0.10387796922024
"172","Q13835",0,NA,0.102006009680307,NA,0.618549895428637,0.238121708567892,0,NA,0.7044996893296,3.28795446722566,0.676517112336594,2.80303640343297
"173","Q92499",0,NA,NA,NA,NA,NA,1,NA,0,NA,NA,NA
"174","P51149",0.292645997317826,1.57193918763664,0.274762450994573,5.02105596706898,0.252628068535718,4.50178498507701,0.161411571088638,NA,0.200964798521361,6.14534876150877,0.275149967880832,2.59896395758424
"175","Q9UKF6",NA,NA,NA,NA,0.72865036979031,NA,NA,NA,0.200595666772469,NA,NA,NA
"176","Q9BYJ9",NA,NA,NA,NA,0.460685061721889,NA,NA,NA,NA,NA,NA,NA
"177","Q6ZXV5",0.660947589144304,-0.179364513074133,0.577180703941995,-0.155187864227184,0.936937877374876,20.2558219495683,0.395456675938268,1.33824714424753,0.915056846392871,18.9609147626478,0.896655552968657,11.4113295632854
"178","Q9UBG3",NA,NA,NA,NA,NA,NA,NA,NA,NA,NA,NA,NA
"179","Q14157",0.584802896461419,0.792588406640344,0.498194408730084,-0.771256995198683,0.55304426278001,-0.63433630235612,0.680462245962513,1.94441813349339,0.583701169736117,-0.341544678455525,0.652358067772442,1.71113790768073
"180","P50454",NA,NA,NA,NA,0,NA,NA,NA,0,NA,0,NA
"181","P50395",0.465218181349053,NA,0.309675299108895,1.23794341335657,0.48227283983064,-0.835959788504323,0.359263897493776,-0.0787970713269348,0.471124522308966,-0.838328078085047,0.494525949368215,-0.834199606667331
"182","Q13838",0.36556274991977,0.899402010008817,0.241081556032237,4.46503807038285,0.232030854410026,6.1444250881468,0.611925131982922,0.347101522792464,0.412620426638051,-0.848934863813086,0.257901574710526,4.09911946749307
"183","Q8WVV4",0.130045088814397,6.50400987574649,0.019100627830623,8.10501464092559,0.0692388376896559,15.673658538559,0.0939141815925189,15.6262818032134,0.351789608702994,0.493497294745969,0.213752205933761,8.04185122804197
"184","P59665",NA,NA,0,NA,NA,NA,NA,NA,0,NA,NA,NA
"185","Q9UKM9",NA,NA,0.932714134117751,22.6432964983737,0.401431353786402,-0.466707681915344,NA,NA,0.77055079280209,7.74555605329014,0.792220788416663,8.87569553798666
"186","P02790",0,NA,0,NA,0.0338086468726121,23.0021217679743,0,NA,0.0264507063995269,23.3478241423688,0.0197248645278178,NA
"187","Q96QA5",0,NA,0,NA,0,NA,0,NA,0,NA,0,NA
"188","Q08211",0.213878034355835,NA,0,NA,0.360004340666168,0.717267876231008,0.126612935787436,NA,0.168663633030018,8.42057880240613,0.0526399897700698,20.4691943113645
"189","Q9H0U4",0.343504423057822,0.686668499694026,0.428160031619602,-0.384864621223913,0.487252340248193,-0.629768818062499,0.314113499476004,0.827944945993557,0.390016435677396,-0.0555710996461531,0.436653462823133,-0.525399790340715
"190","Q01780",NA,NA,NA,NA,1,NA,NA,NA,NA,NA,NA,NA
"191","P08758",0,NA,0,NA,0.326754627333175,NA,NA,NA,1,NA,0,NA
"192","P63167",0,NA,0.297399911428664,NA,0.483312695271843,NA,0,NA,0.445540190274811,1.11535764032503,0.439120080830913,0.989931719642853
"193","P55795",1,NA,1,NA,0.384887898999941,NA,1,NA,1,NA,1,6.05255787824282
"194","Q15233",0.477175338807866,-0.482287942549011,0.418551239170915,0.554934362266255,0.406272553485342,-0.0473391022023155,0.241447031531744,NA,0.382477661557545,0.297080871232201,0.452453445230923,-0.735795206338237
"195","Q9NZ01",0.372695222284784,0.380608934326355,0.420763446631259,-0.430968578982816,0.342590288347529,1.1225773818718,0.171356159119668,NA,0.379541756451629,-0.136795828745079,0.381933425341455,0.596839036181241
"196","P62244",0.757043573223799,5.96510561529768,0.641478197930312,1.25012565540571,0.750751111890091,4.79254300246426,0.605960827384441,0.954200657135685,0.866843942452912,17.0645335532577,0.771478314792253,2.27203315081538
"197","Q9Y3B4",0.139385684125939,NA,1,NA,0.301438807657324,NA,0.5,NA,0,NA,0,NA
"198","Q13435",1,NA,1,NA,0.736702769336579,7.50514984803556,1,NA,0.43380953668984,-0.785211003718225,1,19.3304461538307
"199","Q02978",0.491390258719342,-0.834351244686613,0.227263449669054,8.51295274433702,0.441945792955091,-0.63744637393363,0.195279482415508,NA,0.409826386055065,-0.325621678256296,0.394027328704619,-0.00812791357988285
"200","A0A669KB05",0.849244074385692,13.0787068855526,0.679640583758201,2.92635068092775,0.895420049989563,14.0923169698754,0.43985549120961,-0.777364491730294,0.517654207813794,-0.783659078712564,0.581593449583404,0.134939732536845
"201","Q9Y5A9",0.245635076051819,4.448468500102,0.426693323908437,-0.502771972084856,0.401730907466152,-0.128887136476539,0.17308938207555,9.59938142774878,0.317702863887044,1.51030771155399,0.4476670488784,-0.232880058972041
"202","Q15084",0.453019553743596,-0.459815994596797,0.131750936003569,9.94197772742604,0.456173920020739,-0.69782641945817,0.375332817132937,NA,0.446867968320335,-0.659490723083182,0.411001867153041,0.0998925279877976
"203","Q05048",1,28.3410303508805,1,26.7612972950635,0.883672271463836,16.3178748898464,1,29.8574336674266,0.806395934005447,9.9043782582354,0.926487370547302,21.262315877555
"204","P25398",0.336527289928976,1.33107809130077,0.408413144950067,-0.360251772080946,0.513128671623559,-0.807231914267511,0.123511230561512,NA,0.592632789578853,0.642719878665454,0.492419636287056,-0.846451220833129
"205","P78527",1,26.2449452509557,0.819251257564115,12.3736099611326,0.612442674175847,0.330551505423371,1,24.272814926276,0.705945512919658,3.0528459032289,0.533619265710818,-0.463525865903256
"206","P56537",0,NA,0,NA,0.663101317128404,-0.18293669177463,0,NA,0.752224057274241,6.65215140874979,0.919238820966973,18.8559000941667
"207","P14618",0.128908725903812,12.4483375893895,0.145051779734726,12.8363073560292,0.203278754868135,6.59540212272515,0.11507235775765,14.1501552671277,0.252576960096649,3.568959299999,0.237182263351476,5.54119076482306
"208","P10599",0.671144106370969,1.12540648607245,0.31130426517296,2.78675994260943,0.187443702824814,11.9384444723599,0.0368169499655539,NA,0.339900031488088,-0.0696628755788309,0.128657967397644,15.6985864876576
"209","O43852",0,NA,0.330115174284003,3.70317839293876,0.396318958805542,2.13837709632861,0.685623266442717,NA,0.195212876404017,9.80188174149316,0,NA
"210","P00505",0,NA,0,NA,NA,NA,NA,NA,0,NA,0,NA
"211","P23284",0.0251094562385182,22.6647552121154,0.113886794656722,14.4255903248438,0.0789991764360009,16.4200595255019,0.0380305075864991,NA,0.106389197195728,14.039550074714,0.0694708314788934,18.9650185440989
"212","O75643",0,NA,0.56439877871329,NA,0.54341751577779,-0.715985826808321,1,6.23670474695472,0.433036756611792,-0.848715012517581,0.367883625721763,-0.843231550013479
"213","Q16651",0.285805181713611,NA,0.283768777555436,NA,0.709816832943547,NA,0.5,NA,NA,NA,0.5,NA
"214","Q9BPW8",0.325746563996719,NA,0.5,NA,0.461005746928888,-0.469689895765722,0,NA,0.237508942453911,NA,0.254941216851113,NA
"215","Q9H307",0,NA,0,NA,0.325731026743253,NA,NA,NA,0.355631335520823,NA,0.5,NA
"216","P06312",0,NA,0,NA,0,NA,0,NA,0,NA,0,NA
"217","P62249",0.426062496085501,-0.73189808262466,0.486371320606454,-0.837533286505833,0.55716471908702,-0.453681420428994,0.53758261744636,-0.810264136551583,0.573034655942666,-0.228452886587335,0.477013334349559,-0.844888566013355
"218","O43347",0,NA,0,NA,0.139495682078518,11.4530339305735,0,NA,0,NA,0,NA
"219","P17900",0,NA,NA,NA,0,NA,0,NA,0,NA,0,NA
"220","P27797",0.592342360503845,1.22639797989081,0.207040454670021,2.90197940399036,0.542615660029628,-0.528628139169004,0.0880779992321823,NA,0.589988125913784,0.495356951680328,0.544548360556461,-0.308225734308471
"221","Q15717",0.573297403790358,0.730108774738064,0.0474720381414874,NA,0.394096451337833,0.445715590569076,0.334933861698074,2.52731876397851,0.424949720569896,-0.572632024033983,0.224424486891229,6.62194112784784
"222","P62857",0,NA,0,NA,0.263668222594763,NA,0,NA,0.45147775584375,NA,0,NA
"223","P46940",0,NA,0,NA,0.438354030553365,-0.713137789619994,0,NA,0.537670780666279,-0.633129765215075,1,17.7082038600825
"224","Q15029",0.492586085088907,-0.664239799173412,0.523256751312746,-0.614292266493628,0.407016893664543,-0.212284524058158,0.443887952272449,-0.631429857523103,0.526354499726171,-0.833497959009214,0.529842674619237,-0.67418619962492
"225","Q8N1F7",0.397082953696609,0.201130340504653,0.593910902029555,-0.555262236680036,0.566910243236025,0.565295260312004,0.769367660941016,NA,0.556218801377547,0.794030080921801,0.601287159841945,0.864800207044082
"226","P60174",0.14124349470116,NA,0.170566454222927,8.78724650109536,0.200496135197203,6.88653743222565,0.346021533000496,2.36680372223966,0.30361083871604,2.40379276005024,0.261424858560489,3.6748012491177
"227","Q9UJZ1",0,NA,0,NA,0,NA,0,NA,0,NA,0,NA
"228","P62995",0,NA,0,NA,0.267875695641548,5.29480650757865,0,NA,0.123164372945556,NA,0.133211794978755,NA
"229","Q13148",0.643257475632478,0.966366422106559,0.495600277224768,-0.848625771218938,0.448041209545218,-0.708509263592189,0.491590438326416,-0.565590799958849,0.528567119892431,-0.693316302921664,0.466503461894524,-0.497792711269245
"230","P08311",NA,NA,NA,NA,0,NA,NA,NA,0,NA,NA,NA
"231","O75223",0.483033698504145,-0.837011244996706,0.0844329341838079,17.8951451115446,0.18031158207007,8.73393154811928,0.150118452676309,11.0001264313074,0.233079755677261,6.5099765405576,0.189343307378555,8.12606496679046
"232","Q16610",1,NA,0,NA,0,NA,0.195733248076354,7.08877002363746,0,NA,0.560412469308204,NA
"233","P02786",1,NA,NA,NA,0.5,NA,0,NA,1,29.9633727895912,0.832364510297741,NA
"234","P04040",0.160013614995751,6.76793622355581,0.447221454694399,-0.195154988354905,0.229830808810122,6.00324199772907,0.290282718689162,2.604532066613,0.421428846016141,-0.367863528620454,0.513340210502476,-0.692793557136993
"235","O75400",1,28.3410303508805,1,28.3280792639032,0.931911151862866,20.3248287785122,0.977607866451019,27.3208727462647,1,29.0073366337331,0.988568156055339,26.1275455708077
"236","Q14126",0.333691087117594,3.44173627541025,0.321503763317775,3.61890475394356,0.289168199871653,2.25832991910204,0.247934567133179,5.57841917462933,0.352329575749493,0.840034211645186,0.385767790046778,0.131336286293038
"237","Q01469",0.8678207376653,15.5586266659957,0.759211513615681,6.78604303991103,0.384600353362747,0.0573731320111022,0.381459062532495,-0.767693763176359,0.765241814139737,8.4648764073167,0.699861795498907,3.53107414216468
"238","P63244",0.420890259800998,-0.69144061994927,0.44499844844079,0.0284914508125289,0.325461448444227,1.82805075270176,0.243574075263557,NA,0.255432190018865,4.26617778626919,0.458674287592557,-0.81380004030283
"239","O60232",1,27.9232251946971,1,28.7370400515477,0.889453653946298,16.6746266591913,1,29.8574336674266,0.803622246200804,10.9235867643377,0.971706363364466,25.3884897210005
"240","P53985",0.941083080550921,21.2157258014408,0.961539381640755,24.8812247215983,0.869004243691251,12.7560247690412,0.99397311265182,28.345300915761,0.918620665103886,20.1298345515141,0.895481088015223,18.1476817954929
"241","Q07065",1,28.3410303508805,1,24.4445788470458,0.775470505643944,5.86141836056283,0.881364955631068,14.8999713439296,0.8511809358518,13.8828222898926,0.978328193774762,25.535619360076
"242","P32119",0.243449154477905,5.61264572719274,0.135542076194244,12.2764913045262,0.232673181518249,5.7130646219859,0.081315484703836,17.6063217930062,0.33290664814633,1.08335430021733,0.352476007590958,1.46942091898038
"243","Q08554",0.541473046150627,-0.380544009117696,0.322771272820991,1.47756091285365,0.195855700548254,8.03184625131936,0.219679829480315,7.58527492137149,0.452913993338086,-0.847270206927888,0.219291066451321,4.76801235938905
"244","P05387",0,NA,0,NA,0,NA,0,NA,0,NA,0,NA
"245","P20645",0,NA,NA,NA,0.337975933985797,3.23201449663986,0,NA,0,NA,1,NA
"246","Q9NVI7",0.491514709248572,-0.781245953856324,0.5,NA,0.64753131653701,0.954250292030327,0.427308575297057,NA,0.577560913083799,-0.291188734055833,0.554112893193045,-0.764401361564494
"247","P62258",0.594795140629638,1.50047850455254,0.342650804946787,0.195148833293224,0.434748860074172,-0.848849420751781,0,NA,0.774371797862923,7.74985686614849,0.697631500958829,4.80077929153315
"248","Q96HS1",0,NA,0.394950969803872,NA,0.42381061543108,NA,0,NA,0.43101803501285,-0.52632155302225,0.450505387426227,-0.795210898186701
"249","P62306",NA,NA,NA,NA,0,NA,NA,NA,0.352727535386246,NA,0,NA
"250","P19338",0.0365255798823216,22.4460546008851,0.0747167841954214,17.6375870159588,0.230155451804124,2.14659575165987,0.0742546492032073,15.9741470755674,0.118198973064468,15.3969741144038,0.0799672992921532,NA
"251","Q9Y6C9",NA,NA,NA,NA,0.20200177818705,NA,NA,NA,0.337951806871359,1.97858213630035,0.134254844825453,8.71413023964435
"252","P60903",0,NA,0,NA,0.322270309549792,NA,0,NA,0.175631573743407,NA,0.30107368978859,NA
"253","P36542",0.44238187017436,-0.322271869845814,0.268392114584079,3.3743895290062,0.559131105081358,1.34726837093783,0.68236273688715,6.03996861754809,0.441303136318037,0.898571106287416,0.52042712004936,-0.64300570336765
"254","P62854",0.544534135257103,-0.116303770536515,0.478374721482987,-0.815661784650417,0.560389605766332,-0.620053786786846,0.486615951409405,-0.847580111352018,0.481914257634253,-0.842302321894208,0.549681581809588,-0.459294913301627
"255","Q92804",1,NA,0.624808026259393,NA,0.290811446410387,NA,0,NA,0.370723088260546,0.664875055855141,0.0544042076943567,13.2426454991683
"256","C9JRZ6",NA,NA,0,NA,0.493987752415523,-0.789926194937373,0,NA,0.339560774204514,NA,0.50017137365264,-0.848868699971154
"257","P13639",0.0183880966493971,22.1125569686892,0.0614896948141221,19.426319024548,0.0829868955801298,17.41710617521,0.0390585703155209,21.3925509649733,0.146848906041887,13.9850876834413,0.0769610231689266,15.3567409787224
"258","Q14574",0.380768770276326,2.77909979437705,0.426906221403896,0.00164569534058234,0.2844089909839,5.63314966343821,0.303032717775898,3.65707259225112,0.398892516859401,1.30773780450794,0.557401875375272,-0.637289104817594
"259","P16422",0.907386909849939,NA,0.731861025149776,NA,0.868676111793027,NA,1,25.4321966975532,0.872943582869479,14.8717024214639,0.87117430542592,14.8691998104134
"260","P16104",NA,NA,NA,NA,0,NA,NA,NA,0,NA,0,NA
"261","P61247",0.694528522489146,1.09481906838429,0.425049495712813,-0.848411563368428,0.481906652659387,-0.268546358253948,0.42720188839167,-0.835513815587815,0.560586234270073,0.661930499539535,0.46372388091492,-0.678122611263443
"262","P78406",0.639826710991332,-0.0779062774314712,0.751783658605363,6.60710937945612,0.603139314226772,0.316478092632644,0.881803062753916,17.6178578448626,0.719512391669037,5.29809728141296,0.710633911063466,3.86120553158771
"263","Q06830",0.591467302457362,-0.435640597184281,0.475719028761354,-0.840931397970573,0.542961067011479,-0.750179722374149,0.368814608482984,2.77711398101654,0.641043407700122,1.32792507839865,0.678083441293089,2.300824178696
"264","Q13492",0,NA,0,NA,0,NA,0,NA,0,NA,0,NA
"265","P55084",0.275534597761921,1.96297518343889,0.348713649277765,0.819871936107133,0.412857177061263,-0.353795105658908,0.253251651355088,1.51780955502098,0.434242232257157,-0.509245484325736,0.361564647732921,0.606827612831772
"266","P46781",0.52898949758355,-0.802410492139241,0.376947127137592,0.750394515347842,0.506332678992708,-0.722913834482124,0.417207121353844,-0.0247395036284384,0.445118836483135,-0.719482935982041,0.503347783476676,-0.814262820619074
"267","O14979",0.651818660696702,NA,0.367998711330908,NA,0,NA,0.457389292622622,NA,0.454306196875016,-0.843953481030658,0.110295015045885,NA
"268","P47929",0.582067715839028,-0.830779724886977,0.20961248765541,5.6342875371367,0.157566931918202,11.1553321956615,0.237613551091546,7.18866573878965,0.138757149617139,NA,0.111361399930294,7.78264093817578
"269","O43707",0,NA,0.775301594069066,1.31948688480456,0.121581304875809,11.9904220810907,0,NA,0.0643839198475896,21.2432886245203,0.279423387051923,3.41701138470684
"270","P36383",NA,NA,NA,NA,0.101843534751988,NA,NA,NA,0,NA,0,NA
"271","X6RJP6",NA,NA,0,NA,0.402534641738218,-0.4415463398962,0,NA,0.362963295420376,NA,0,NA
"272","Q8NEX9",0,NA,0.226574328794444,NA,0,NA,0.21919141600641,4.07472303446475,0,NA,0,NA
"273","P35579",0,NA,0.0472086906626576,NA,0.338120057097783,0.330511890404887,0,NA,0.274009247826371,1.24113753978992,0.295329583513807,1.87092296543454
"274","E7EQB2",0.0254163818038499,22.3894667326204,0.0773932359279656,19.3088976689079,0.0920032493166975,16.4838803454939,0.0685989041472196,15.4629784434379,0.0521615074481357,21.6667820222463,0.0729460807944465,13.0104153320455
"275","P78371",0,NA,0.0338769095481765,23.848480025899,0.111777396518628,13.3375789486135,0.0218868851727766,23.5963983881005,0.0477954575578677,21.5895014533214,0.0279317392380259,23.3903095322459
"276","P0DP25",0.264826926518729,NA,0,NA,0,NA,0,NA,0,NA,0.405849960350001,NA
"277","P16403",0.26442140086862,4.80461111809921,0.290118783586421,3.12514195393643,0.287057973410264,6.22094011291146,0.23668845597135,7.88757035656491,0.418875932475049,-0.00471508804459075,0.453364218888585,-0.763048932884113
"278","P62701",0.546448413489458,-0.582094412645592,0.493244922411878,-0.847429827587419,0.585974991542702,-0.335882913734566,0.392997171514441,1.40493872860149,0.530218732213701,-0.554284109266111,0.457458366712069,-0.835400995694598
"279","P02787",0,NA,1,NA,NA,NA,0,NA,0.55087451248442,NA,0.74957006677617,NA
"280","Q6UWP8",0.467435744401774,-0.76307881210396,0.178491997415155,8.09020264735232,0.0447326814802839,21.8082121951677,0.238334631863518,1.93385367106207,0.17580781889989,8.4687960051019,0.110186706617948,8.54353394384811
"281","P26368",1,13.7807129073884,1,27.3729943467931,0.895294469608848,NA,1,29.8574336674266,0.927283992831782,20.9578877464283,1,28.3170537680426
"282","Q14498",NA,NA,NA,NA,0,NA,NA,NA,0,NA,NA,NA
"283","P62851",0,NA,0,NA,0.387309754119339,1.30828692912234,0.130561063524975,NA,0.327905378332367,NA,0,NA
"284","Q5T9A4",0.419430805974145,-0.630667540413953,0.46679917430363,-0.402924335986658,0.429422738866292,-0.00503593317758577,0.0960184982150112,8.52870932841325,0.543545329458664,-0.634755987541901,0.509029494138264,-0.807452469867889
"285","P83731",NA,NA,0.532980080327626,NA,0.38605444882638,-0.66165570403439,0.522810463706988,NA,0.530853470759143,-0.84838885441285,0.547725325235101,-0.55076458287448
"286","A0A087WVQ6",0.493079612282925,-0.777883747969662,0.420903778231581,-0.502640981446973,0.484017653349406,-0.804654901515631,0.454064981920101,-0.684461343992447,0.596517385537481,0.171392276085265,0.567040803088274,-0.378824908131521
"287","Q9UJS0",0,NA,0.216790375876789,NA,0.253060041243201,NA,0,NA,0.307295498080289,3.80417948960402,0.26310478542955,6.94999942187859
"288","P02814",NA,NA,NA,NA,NA,NA,NA,NA,NA,NA,NA,NA
"289","E9PDC3",0.505978187049564,-0.556216615424743,0.27197389349161,3.77807072384681,0.388142480100625,0.154660181359095,0.0192933657047668,23.834811105556,0.640855248361658,1.83315826966096,0.669364854256648,-0.383819080227071
"290","P04083",0.7029681309818,2.71672008188749,0.412949377296266,-0.0530977312473468,0.634651699855746,0.394214178302699,0.303696761360582,3.58984949137067,0.67367128831799,1.63883820529614,0.687930539188168,2.79305853427294
"291","Q9GZT3",0.219801045433597,6.99190412570291,0.401363240087471,0.257515449487704,0.332659877943256,1.48899690544902,0,NA,0.424564700623265,-0.46696927312427,0.433812704090017,-0.640810993580369
"292","P22223",1,28.3410303508805,1,24.4890492818319,0.941004201218812,16.7850283095531,1,29.8574336674266,0.894513359558577,17.5658702396985,0.964082760868449,23.8085408739842
"293","O43143",NA,NA,0,NA,0.45696849662499,-0.381370685892056,1,NA,0.39900420139916,-0.367351975997675,0.90888975327201,11.4330904244169
"294","P09211",0,NA,1,NA,0,NA,0,NA,0.472654324419838,-0.387225217796942,0.482039291275056,NA
"295","P09661",0.5,NA,0.552003474153236,NA,0.18688328542913,NA,0,NA,0,NA,0,NA
"296","P19652",0,NA,0,NA,0,NA,0,NA,0,NA,0,NA
"297","Q15459",NA,NA,NA,NA,0.715349152353148,0.276220146356349,NA,NA,0.289344615403596,NA,0.350137846937816,NA
"298","P09758",0.931132029963804,19.5435805005223,0.871538974607625,13.2813580280333,0.818968485819776,11.2734305746742,0.992544443406234,16.0574926906032,0.923393750689828,22.4180989093599,0.889785267202363,18.707939370603
"299","Q99959",0,NA,0.233023222669981,8.27473343268352,0,NA,0,NA,0.0905307280919275,NA,0.469610912358637,-0.741774963108788
"300","O43809",0.548649900572229,NA,0,NA,0.427470067496548,-0.533551541989901,0,NA,0.477151071475815,-0.838766591956494,0.481893866918494,-0.434782713742462
"301","P38646",0.385344459316994,0.18510625503844,0.395771008893524,-0.126128651330925,0.396349845467937,0.377822680545102,0.313183244416463,1.57608289604624,0.453985396003473,-0.621820537386862,0.450559728452015,-0.700972016462906
"302","P06733",0.0845967696238193,16.51189738734,0.15465247834162,11.4661520798477,0.161145052394602,8.40261013465754,0.116337140798225,12.1447748110786,0.192382420360928,8.81777498600185,0.212276316756279,6.41296337967309
"303","P10809",0.467069647958564,-0.81913348122309,0.39658497937209,-0.848396165810118,0.498147392262032,-0.847601184388263,0.504954262258413,-0.842075975988289,0.523783269588183,-0.784581650215347,0.54341303739174,0.979154428078385
"304","P0DPA2",1,NA,NA,NA,0.518755669775496,NA,NA,NA,1,NA,1,NA
"305","Q01081",1,28.3410303508805,1,NA,0.835741482733273,NA,1,NA,0.908324098031055,10.7485885901661,1,NA
"306","Q86U42",NA,NA,1,NA,0.234246527104598,7.76766908077435,NA,NA,0.276851607824361,NA,0,NA
"307","Q06710",NA,NA,NA,NA,1,NA,NA,NA,NA,NA,NA,NA
"308","P38919",0.306625956160126,NA,0.547471509807731,-0.848749485459281,0.377410284535704,-0.214172081350426,0.5,NA,0.340637101192613,1.55822243534589,0.322819146490514,1.54717435427478
"309","Q9HDC9",0,NA,0,NA,0,NA,NA,NA,0,NA,0,NA
"310","P49768",1,28.3410303508805,1,NA,1,NA,1,NA,0.581655799939265,0.654158986418132,0.704440920757042,2.1862501119641
"311","Q9Y277",1,NA,0.116610191737679,NA,0.208300311905858,NA,0.208695311815394,NA,0.502345650801952,0.0813062208284165,0.46730379950679,-0.817850648572834
"312","P23526",NA,NA,0,NA,0.311119094413734,NA,0,NA,1,NA,1,NA
"313","Q9Y6Y0",NA,NA,NA,NA,NA,NA,NA,NA,0.819915794524379,NA,NA,NA
"314","E9PLL6",0.555186657156935,NA,0.50101373395342,0.397489422530581,0.614727677804466,0.182536578922748,0.545648685975143,NA,0.639897912321729,4.38610626503139,0.568739207323067,NA
"315","O75342",0,NA,0,NA,0,NA,0,NA,0,NA,0,NA
"316","P02763",NA,NA,NA,NA,1,NA,1,NA,1,NA,NA,NA
"317","P62140",NA,NA,NA,NA,0,NA,NA,NA,0,NA,NA,NA
"318","P48047",0.0371409338842035,NA,0.237541874453355,NA,0.355663560410509,3.4465107766681,0,NA,0.341678251822355,1.20401048069472,0.475591368108264,NA
"319","P06748",0.334379028481272,1.0012173719216,0.218619337591307,5.75232757122596,0.392728418971087,0.234379420573128,0.211059071484601,5.32532624665097,0.42079673876841,-0.478143124395899,0.214502542377587,6.89198158524233
"320","P02647",NA,NA,0,NA,0,NA,0,NA,0,NA,NA,NA
"321","P04279",0,NA,0,NA,0,NA,0,NA,0.343860265678632,1.81834337440012,0.512428383390364,-0.820205213696388
"322","Q6P2Q9",0.794585671868783,7.31655902868891,0.956267346652167,23.8771168783574,0.918733736777504,13.1366608780091,0.852273728206122,8.96382197622339,0.80276035713365,11.8967731234099,0.885228586301033,14.7921726754963
"323","P81605",0.0221485928948049,23.570702932712,0.000561460810271675,NA,0.030563252420186,22.2005170460684,0.0234923926426875,22.8042953786761,0.0263758348748789,24.2287063863924,0.00758048466348069,NA
"324","O75494",NA,NA,NA,NA,0,NA,NA,NA,0,NA,0,NA
"325","F8WJN3",NA,NA,NA,NA,0.5,NA,NA,NA,0.581131732504752,-0.841362249844196,NA,NA
"326","Q13867",0.37329995359232,-0.295361614787836,0.1335536238093,13.1028054381645,0.22326742251349,1.99935759459834,0.0992346104327746,15.2944155545067,0.173997220950654,11.0034614775139,0.2034930996707,8.32001474594363
"327","P31949",0.659447731722402,2.69551133539371,0.456712774224227,-0.795579554764934,0.24198100448817,3.56620280120032,0,NA,0.780842964754352,5.9103331335971,0.544011815849581,NA
"328","P00338",0.349339145627654,0.437066329162091,0.421796496425659,-0.691081025643991,0.417151381469018,0.341031141094081,0.207158280775942,6.98540645816152,0.534590068898379,-0.69996270184227,0.463921444922808,-0.788773657456085
"329","P05023",0.881514153243698,10.5048614196011,0.669721537089035,-0.759234693814382,0.793175457890335,7.93608419691722,0.749909494820247,3.29952200308948,0.866612363736791,13.5486533052744,0.905664596708736,20.3673887497635
"330","P05141",0.456714668502758,-0.254729766709436,0.430561623983974,0.773154073374288,0.468871217077462,-0.834741039072193,0.469297206285489,-0.629541792862676,0.453653414148802,-0.770728346690611,0.463616024886287,-0.846871753828632
"331","P26599",0.748562883526904,8.38261356653913,0.500360895190226,-0.801963335821954,0.412886198578698,-0.493589317795194,0.725021893325135,4.643425639622,0.527227826413948,-0.54418352999053,0.341630247258509,0.167374650573401
"332","Q15393",1,NA,0.269813594403498,NA,0.445566026545653,-0.81032392144254,1,NA,0.592586501411402,1.48639662028395,0.765736112098778,NA
"333","Q5T5P2",0.542834046416373,-0.522463592085161,0.362947003366312,0.463083745070364,0.794972353592491,7.76657571862243,0.436712128454939,-0.502702236423884,0.686967265993723,3.30921863741127,0.721254018498895,4.93802860182772
"334","E9PK91",NA,NA,NA,NA,NA,NA,NA,NA,NA,NA,NA,NA
"335","J3QTR3",0.474272158952897,-0.83180079037887,0.338518301047576,2.4871124471431,0.388510854436224,0.102347878388546,0.189280119551269,8.83901227916632,0.47429214796834,-0.835232532584215,0.453992631420587,-0.736987652648314
"336","Q14974",0.167513283102953,NA,0.470068186718268,-0.742813693934345,0.0738477129665497,NA,0.38647172715377,NA,0.342935439240522,2.32550204584561,0.249180357750805,2.17215867319942
"337","P00390",1,NA,NA,NA,1,NA,NA,NA,1,29.9633727895912,1,29.6657729902651
"338","P12236",0.402772936868182,-0.0361882836682028,0.469381968272846,-0.538947368591454,0.458857306560241,-0.758954956544608,0.433292609247098,0.280279153831659,0.48359263771078,-0.841911898288682,0.523324495687139,-0.748762456142923
"339","P04745",0.570529194180741,-0.686511763610929,0,NA,0,NA,0.00773012316244459,NA,0.167797441205958,NA,0.5,NA
"340","P09382",0.300516454315183,NA,0.4362017444625,-0.01381533090446,0.510992331623971,-0.8249949410058,0.303366855462195,NA,0.462490013807839,-0.505405964795407,0.510241226522735,-0.834381979815214
"341","G3V1B3",0.251799081541298,NA,0.450284730605993,0.564934999861233,0.575948909353248,NA,0.573760963267138,2.26083734667062,0.62285723120487,0.609901133267424,0.560461805872261,-0.659936558110069
"342","P08670",0.092783169724159,16.2083355440645,0.206777873069626,9.39179486782821,0.183746393774205,8.72216318419736,0.0240248477818979,23.2729241292612,0.430622106318048,-0.420088414669596,0.21593710627368,5.71404312476149
"343","P50914",0.458828568923209,-0.039161693494167,0.291093915789894,1.10742914118599,0.507617734681395,NA,0.322354196489452,1.20164980925299,0.553822416077717,-0.536635396258775,0.410916621577383,-0.568838519140073
"344","P07900",0.0661511009350883,18.8438156152783,0.15927780282271,12.271899269951,0.455869857906064,-0.416864663984017,0.204662173255001,6.4213736902885,0.279525781733045,2.24835390011539,0.377115158673577,-0.382838991580571
"345","A0A0C4DGN4",0,NA,0,NA,0,NA,0,NA,0.0192044891032346,NA,0,NA
"346","H0Y8G5",0.401282768965376,-0.0906685492448438,0.36166467520038,0.54182131349126,0.41572913281455,-0.646096331271432,0.376536781577089,0.154186483532794,0.503872579112495,-0.844432204857612,0.417589058435907,-0.154204988691098
"347","P08865",0.0804604304128111,NA,0.0400611533800371,NA,0.46564361116355,-0.710025571711813,0,NA,0.432168895645527,-0.587733316635134,0.238948619378281,7.15358350457007
"348","A0A0C4DGI3",0.0885326116111038,NA,0.231347417629529,5.72161139735254,0.47739561638668,-0.848392227333078,0.036819245282282,NA,0.215512764435267,6.78201043252083,0.297658024436942,1.50308332951379
"349","B7Z6Z4",0.417510450442597,NA,0,NA,0.329778794240472,2.95519007343339,0,NA,0.365208314234231,0.350307094331504,0.571915487864983,-0.839980544055611
"350","P22735",0.300552481599238,1.25557768065065,0.35863879107607,1.74869652789935,0.150886027621418,8.86079268540103,0.0640591138135442,19.7164748254659,0.490207432439117,-0.811128565444748,0.493200511014961,-0.268823270753814
"351","X6RDA4",NA,NA,1,NA,1,5.5654821555972,NA,NA,0.802321061127059,6.46326501538588,1,29.6657729902651
"352","P31025",0.252502681536221,4.74445266335269,0.0617262087784985,19.5838895906269,0.0847927222851223,18.0530169348598,0.0400709469767951,19.1792543222358,0.149601967018899,10.0742547382256,0.0404346697100865,21.4160841960132
"353","E9PPI9",0,NA,0,NA,NA,NA,NA,NA,NA,NA,NA,NA
"354","C9JF17",0,NA,0,NA,0,NA,0,NA,0,NA,0,NA
"355","P13667",0.55835151215578,-0.507613739899919,0.285182726732918,3.27283951741357,0.326480404673994,1.06204974416234,0.0968206953432047,12.7808573396554,0.507074764825641,-0.828011232211023,0.378657397416807,0.585277003004283
"356","P18669",0.698716752348912,0.143541214226545,0.590428628103795,0.533732044929287,0.874431570567555,12.0804997085713,0.686680013308419,-0.0474471057598294,0.828405675729758,11.6059077842429,0.738644477080231,6.16619094808707
"357","D6RFH4",1,NA,1,NA,0,NA,1,NA,1,NA,NA,NA
"358","Q96DI7",0.886173069681365,17.5663629569928,1,24.5848453721809,0.663701851544823,-0.826409787515432,1,29.8574336674266,0.729097734338385,4.69096362927142,0.824752007091339,14.2315219668753
"359","A0A2R8Y849",NA,NA,0.648251225281351,NA,0.543704632970458,NA,0.531131045178198,NA,0.543009545448646,NA,0.560307349252279,NA
"360","Q9H0U3",0.698419610782399,NA,0,NA,0.743133086598367,6.19333876852403,0.5,NA,0.501447649516587,-0.745652896877415,0.63923635845467,0.847119768391436
"361","P02768",0.0231195267313961,23.6574511420405,0.0183792738323174,25.2114429279104,0.014563234756373,24.6124729710619,0.0157310145389681,24.0413714322539,0.0257609079266461,23.555536686962,0.0329025527737096,23.1918069420315
"362","B4DR61",0.651817384715019,1.43120919884117,0.257066588724172,NA,0.350065973895405,2.77014527210069,0,NA,0.879367187745413,13.812063852275,0.425595513974024,0.248849495953626
"363","Q92820",0,NA,0.147920786100425,NA,0,NA,0,NA,0,NA,0,NA
"364","A0A0G2JMZ8",1,NA,1,NA,1,28.0574571593779,1,NA,1,NA,1,29.6657729902651
"365","I3L192",0.756548025384487,7.63387349920109,0.63471763932778,3.91129751117405,1,15.155935775243,1,NA,0.62867598089572,3.85905914549903,0.654486266521489,1.32688245089665
"366","P62318",0.329087896228721,NA,0,NA,0.425696691878969,0.019867308530312,0,NA,0.463515217647436,-0.767634677142529,0.475750093483363,NA
"367","P29508",0.465987872868554,-0.820985225051658,0.199583789321308,3.03626895168709,0.140180742920917,12.5328573979578,0.270301123286765,0.504485911699939,0.517819206643471,-0.721206706477114,0.441539803213077,-0.843926740849611
"368","P39019",0.027449142749777,22.9669704298482,0.0286663555356071,24.2018269502656,0.0847876343265384,16.7110546111341,0.0205187366201086,23.3209958229439,0.0782630899347736,19.150311450915,0.0120946652815668,24.7962790290693
"369","Q92542",1,NA,1,NA,0.944361451858511,20.5370787809393,1,NA,1,29.9633727895912,1,NA
"370","Q13509",0.561550438510724,-0.259994078178705,0.404443511126154,-0.0519357529234195,0.705892895948162,2.7782950256748,0.510736075751053,-0.807021134031308,0.595091991539072,0.281445285639024,0.402756568781151,-0.269796500518396
"371","Q99523",0,NA,0,NA,0.231447945550788,5.67156029062538,0,NA,0,NA,0.5,NA
"372","P01876",0.685474275330947,1.88161715670584,0.661915649039245,-0.006697062689212,0,NA,0,NA,0.528667424992205,-0.678887132930878,0.366235160514994,-0.434053907566583
"373","A0A2R8YCH5",0.88037702907323,15.6300056545234,0.835585423798035,11.6145143624868,0.911359859880148,18.0101503234595,0.731446031870502,5.51424525383003,0.878070810219052,16.2831512606246,0.887062528787793,17.1348034836749
"374","P04792",0.436651523240604,-0.600797509001837,0.437826676800934,-0.434347769637764,0.370478315458376,0.166631338279498,0.202756439289867,6.61452556322604,0.510972756385068,-0.74166269716923,0.451449837818858,-0.567688738763356
"375","P05413",NA,NA,NA,NA,0,NA,NA,NA,NA,NA,NA,NA
"376","P27482",0.397358537667242,-0.282027413519409,0.373712919027283,0.183367866132931,0.393354742018004,0.0125735494253476,0.283393068339035,4.29056484184757,0.491796413040852,-0.828222627861502,0.490887483184486,-0.838808700614317
"377","A0A0A0MR02",0.429511912888985,-0.40269747626372,0.442540020624608,-0.688143181157193,0.449968148904976,-0.700844006082334,0.402492117611492,-0.330646734153241,0.47295886203558,-0.837140354042951,0.474283799158824,-0.808973747038473
"378","P31947",0.483788083652093,-0.846627641501195,0.450241477050549,-0.741355038749377,0.39058726951798,0.391766156306199,0.509865328115668,-0.759908445298218,0.36685043111888,0.587631219194698,0.550016666209922,-0.200100727657993
"379","Q9UJV9",0,NA,0,NA,NA,NA,0,NA,0,NA,0,NA
"380","Q8WU79",0.585650984130292,-0.136915307413247,0.476183002721512,-0.800579417946486,0.493323727562895,-0.848744897255096,1,NA,1,NA,1,NA
"381","P11908",0.556344571680347,0.74990015498679,1,28.9582400792648,0.803820397681727,7.55479784119032,1,NA,0.584409494632836,0.12164273994467,0.898144196734316,10.7469776645806
"382","A0A3B3ISX1",0.00261828905798835,NA,0.212129695103947,NA,0.468984124400042,NA,0,NA,0.453325239550993,0.398626400672552,0.0222374186231875,14.2602098178041
"383","Q96D15",0.370105858621769,0.528220861845009,NA,NA,NA,NA,1,NA,1,NA,NA,NA
"384","P04004",NA,NA,0,NA,0,NA,NA,NA,0,NA,0,NA
"385","Q01105",0,NA,0,NA,0,NA,0,NA,NA,NA,0,NA
"386","P55072",NA,NA,0,NA,0,NA,0,NA,NA,NA,0,NA
"387","O43278",0.322136407822047,1.79152622553286,0.449604451727779,-0.527439448835319,0.423763432595388,-0.490057583164205,0.0931612230431674,15.7645310000268,0.350482191990464,1.36970468911975,0.291895538017372,2.78353783659327
"388","G3V279",0.460482688022722,-0.821711858369964,0.392046779323455,-0.0450931582575826,0.465792250036769,-0.483945411119722,1,NA,0.569123657202548,-0.325675754093513,0.601590664241021,2.10349143408568
"389","O00571",0.161678437596269,11.4493320847219,0.134014957194513,11.2252042353242,0.240648932848352,0.617877841190078,0.177785790752328,10.1581810730857,0.09133986665562,13.236531653104,0.302037447883477,1.64295933680237
"390","Q9NR30",0,NA,0,NA,0,NA,0,NA,0,NA,0,NA
"391","P39023",0.55551905677014,-0.736824544744566,0.207442272277793,6.70768925761591,0.401877483970041,0.172466480358445,0.5312121358308,-0.507410875920249,0.212620808589453,8.35408532969089,0.239612892073933,8.44744038262069
"392","O75635",1,NA,0,NA,0.112670240879562,NA,0.717133873201258,6.56569965905303,0,NA,0.516265346417691,-0.814079280912141
"393","P29692",0.814011001546061,1.6031766607669,0.609821590124248,NA,0.443283323454719,0.122731725585665,0.533077399730809,NA,1,NA,0.746921782975395,4.32927761313831
"394","Q96S66",0.952825197900301,22.0858541789922,1,27.5201863982029,0.819488498337158,10.6486049102367,0.864085632427664,15.2021677865165,0.842617235028519,13.3295360498598,0.876136716123707,15.6438024819843
"395","A0A2R8Y6J3",0.54944910681986,0.535959088068692,0.439886428753782,-0.389119813835415,0.665357541999284,1.34180110900769,0.749683964926815,9.83230362334735,0.570385135758159,-0.267118830775223,0.476029133892931,-0.596635460376415
"396","Q9UI42",0,NA,0.0242287585738474,NA,0,NA,0.0205751053764922,NA,0,NA,0,NA
"397","P35658",0.846788582679442,11.0955469198891,0.74000476329052,5.72720820770185,0.426395563898858,-0.502216114238946,0.657876320625413,3.29359211991534,0.70144457150116,1.5946780408671,0.631290276461512,1.30549074906799
"398","Q9HAU0",0.272311531900355,NA,0.268547495622691,NA,1,15.7484193019991,1,NA,0.80807937209292,11.7031301745071,0.731719381041355,4.87197021132939
"399","P69905",0.77294473512001,5.29343599386225,0.565928811926722,-0.120013516088941,0.268997404618937,5.87845015594839,0.430434325822589,-0.67102668156069,0.278682379800455,2.52351262081641,0.612387169420795,0.232559161646117
"400","F8VRN8",NA,NA,NA,NA,0.24214107577968,NA,NA,NA,1,NA,1,NA
"401","P24539",0.359091870361915,NA,0,NA,0.34590453217684,3.77777695518997,0,NA,0.0931622170327835,NA,0.339941828572805,1.28381992525031
"402","P26373",0.177742767686099,10.4190803959224,0.353752452467998,2.943851411698,0.560301243810846,-0.156735228388301,0.479304759341514,-0.842049292466135,0.56976660327817,-0.322939634132594,0.510980157322294,-0.842190333628791
"403","Q12906",0.976954527799499,25.6790656704292,0.810051372762668,10.703418768154,0.599885662360589,0.110591763537362,0.917112534214737,11.7910161279527,0.754139811249326,5.63265368134533,0.848402479565625,13.2430722799148
"404","P84243",0.279371080326541,3.3563311148656,0.231070974465894,6.23375298971721,0.2783415448416,3.15199516070833,0.226649087787435,6.83315444700112,0.397660224266402,-0.125999770913532,0.32260960853787,1.54589625600035
"405","P80188",NA,NA,NA,NA,NA,NA,NA,NA,NA,NA,NA,NA
"406","F8W6I7",0.713046578431507,4.10986272544028,0.514522055465736,-0.845507121754283,0.533201129779278,-0.673497237936973,0.630723166702148,1.63291930192781,0.501808003044362,-0.832731917188336,0.687044263518379,2.84253799588993
"407","P04075",0.527609397628175,-0.770245156622435,0.523449393669473,-0.33029710886556,0.609585814391275,-0.694660280443556,0.454658967233518,-0.839850041271122,0.678509129787173,2.65012865507346,0.690605096231552,3.26245493351183
"408","P13929",NA,NA,NA,NA,NA,NA,NA,NA,NA,NA,NA,NA
"409","P05164",NA,NA,NA,NA,NA,NA,0,NA,NA,NA,NA,NA
"410","A8MXP9",0.297116156691661,NA,0.391521356346689,0.0483348988776626,0.464697257749439,-0.362772717231222,0.213163167667299,NA,0.338936533367668,1.57523233404608,0.234082927770939,7.0931524899281
"411","P26641",0.452017710997954,-0.278614974802466,0.434921102863923,-0.41119509980236,0.228856093697767,6.81863087521252,0.179221375229845,6.5727563040827,0.377072557612295,-0.667201248869526,0.454651980742467,-0.847975343906786
"412","Q16777",0.24957928003744,6.1890370760375,0.226442310900215,7.33597358247568,0.31153436006535,2.57661359482241,0.255770396690909,4.85382879494236,0.384607316802436,0.218767440734152,0.327238637710246,1.82861201244762
"413","P31944",0.142700695005376,11.541033650015,0.112498509547144,15.9489915954598,0.0620330996918485,19.3548134255331,0.0292209616211651,22.37069282371,0.100097939211927,14.449319915625,0.130967472976863,12.161983982375
"414","A0A286YEY4",0,NA,0,NA,0,NA,0,NA,0,NA,0,NA
"415","B0QYK0",1,NA,0,NA,0.381556738766415,2.42537502016057,0,NA,0.294529392290185,2.03738371043386,0.305628430029845,2.66820504010816
"416","F5GZS6",0.923628437622407,19.0534669210587,0.747627935534478,6.28689722057684,0.839184780679323,8.62003652173308,0.825787997567914,9.83906267264539,0.817142973694384,10.7109268048865,0.762294286116132,3.56134385450281
"417","H0Y804",NA,NA,NA,NA,0,NA,NA,NA,NA,NA,NA,NA
"418","H7C2W9",0.585521354188556,1.55380132478724,0.474079313986505,-0.84865229619146,0.572388262941294,-0.296000892120342,0.506207468541384,-0.770825795627058,0.588064601563113,-0.0519837605729649,0.709460929734525,4.30019615221228
"419","P61026",0.124043943622909,NA,0.102218300600665,NA,0.403451192100797,0.895250596343605,0.370915644322498,-0.666648568894417,0.242393088738737,4.09783049347304,0,NA
"420","K7EJV9",0,NA,0.0385565213594325,NA,0.0720832309172255,18.638727137561,0,NA,0.13728656742538,12.7202434013123,0.0457742805992911,NA
"421","A6NLM8",0,NA,0,NA,0.335722740267551,NA,0,NA,0,NA,0,NA
"422","Q12996",0,NA,0,NA,0,NA,1,NA,0,NA,NA,NA
"423","F5H423",0.222879834567232,NA,0,NA,0.108670494051831,NA,0,NA,0,NA,0.294948056913095,NA
"424","P01857",0.209644387101381,8.48818053305366,0.113265520440479,13.4581125241038,0.0676047176968267,19.0433266752217,0.063201527358545,14.8373853183207,0.0729211855434976,17.8580278100966,0.130326216977883,14.2780638274618
"425","P28074",0.245628816406164,8.17072590661085,0.210090494400033,9.47463062087267,0.047344843125578,NA,0,NA,0.243280014077708,6.83496322019233,0.446147399020148,-0.518803121605027
"426","A0A1B0GUE3",0.519632394575928,-0.782297397208801,0.554870748164508,-0.788826980242254,0.243880033626561,4.00845852913525,0.379956874667928,-0.618958770652888,0.530342518226356,-0.805388317934579,0.523648355067025,-0.600379270706448
"427","Q08188",0.0275258285112679,21.5881237981359,0.097764499846059,8.15021440321474,0.0761549520728419,17.9356137013057,0.0758410871224658,18.2573365640819,0.0685953881477392,7.3467364443755,0.0583286406161173,19.7704557098852
"428","P51991",0.4692422603353,-0.696848338238451,0.604507071855736,-0.297963668016943,0.535224038923279,-0.550004988979895,0.649819333983788,0.437294775543823,0.426128844175765,-0.567127002509393,0.352841658131712,0.780170782536231
"429","Q5VV87",0.17344491126621,NA,0,NA,0.442263655981528,NA,NA,NA,0.326276932270408,NA,0.374549197878392,NA
"430","Q96C36",NA,NA,NA,NA,0.191994186150209,NA,NA,NA,0.412023906770594,-0.340599530224229,0,NA
"431","Q9Y230",0.564824609586302,-0.327074941616279,0.181682874708202,4.2365204513766,0.576297464802053,-0.303304106875707,0.425103979339719,-0.0754555700954009,0.610680794512416,-0.0288867852969528,0.573982853126949,-0.30150520663006
"432","J3QR68",NA,NA,NA,NA,0,NA,0,NA,NA,NA,0,NA
"433","E9PKZ0",0,NA,0.186412984957088,9.37839560440947,0.32294349407908,1.67400651573745,0.378485411855957,NA,0.367314871976412,1.03009195717681,0.25569440114208,4.21169374316559
"434","B1AKQ8",1,NA,1,NA,0.582919720498513,NA,1,NA,1,NA,0.5,NA
"435","P58107",0.276339305611932,4.30649930836812,0.218698472718281,7.63375344808435,0.163914721153502,9.79607969243337,0.0961292732474658,15.1218604800277,0.256096306187772,4.28552428963372,0.225771209289658,6.3861850220234
"436","Q99567",0.3723300883661,NA,0.0491664866028593,NA,0.430623465306278,-0.47617160092641,0,NA,0.0719102952928278,9.94715734764236,1,6.05255787824282
"437","Q01085",0.441670147882897,-0.623776017924034,0.455825888935138,-0.848417524668305,0.42723642473592,-0.501164436629523,0.264556305221938,2.18825713132062,0.44433538662377,-0.800658627212706,0.324250814741748,1.79597660808389
"438","Q99569",0.910053567906898,15.0731144997263,0.707842896294047,3.58486159171524,0.898475355588005,10.5624827914875,0.605124241042512,0.173743807227163,0.665123588410609,2.03685414228473,0.757089706565798,7.16274968166206
"439","A0A590UK80",0.339976980761915,NA,0,NA,0.241624088671884,1.59225795652921,0,NA,0.186983073930218,3.60756094571239,0.0866004991138542,NA
"440","Q8IW75",0,NA,0,NA,0,NA,0,NA,0,NA,0,NA
"441","P15531",0.582714348837364,1.3941349897969,0.328487848775758,NA,0.469245363965772,-0.752147090488445,0.177402860362133,NA,0.494878469787276,-0.37214501775414,0.492513269085883,-0.839529370425717
"442","P26196",NA,NA,NA,NA,0.468445575323804,NA,NA,NA,0,NA,0.5,NA
"443","A2NJV5",0.0954782738622622,16.46066323914,0.10133985798187,14.3864132889023,0.0633066908645079,19.4933099521161,0.0857083917080853,16.3129031364553,0.0934677544634996,16.737658221785,0.0933090488042208,16.1281983656325
"444","J3QQQ9",0.7338659297973,3.14645609819408,0.736479710625801,NA,0.463801821418692,-0.845409983291949,0.826519183211845,8.79367912199919,0.598705220648322,0.52292312295874,0.413300436888982,1.13307934269334
"445","O00159",NA,NA,NA,NA,NA,NA,NA,NA,NA,NA,NA,NA
"446","P05388",0.347291170153874,2.74145047778771,0.40555031029689,-0.0436696399481558,0.482869014894277,-0.795085990586707,0.101508785048382,NA,0.479504046012913,-0.842269481624375,0.44387449198398,-0.626105482191291
"447","A0A0A0MT01",NA,NA,NA,NA,0,NA,NA,NA,0,NA,0,NA
"448","P17302",0.908873834592629,14.4538236411274,0.908674128017614,14.6413303561902,0.306657493746489,2.25334892338758,0.956045810917977,11.2846039120033,0.306159953403564,2.29862460102541,0.266958344465922,3.5762005267051
"449","P14625",0.250106031701198,2.50457700695865,0.402908818055207,-0.523316162074293,0.629403350242633,0.527347600967031,0.481679721652317,-0.842741461603254,0.574010312498307,-0.255505629185439,0.559039464143835,-0.421525244994458
"450","Q96AE4",1,NA,1,NA,0.640830117225519,4.47096906373858,1,NA,1,NA,1,NA
"451","P48594",0,NA,0,NA,0,NA,0,NA,0,NA,0,NA
"452","X6RFL8",NA,NA,NA,NA,1,NA,NA,NA,NA,NA,NA,NA
"453","P30050",0.320380773554541,4.57671159241903,0.339108004331719,1.28681574021687,0.544304291243283,-0.503725966451002,0.319511628747443,3.34033421434558,0.50471130420215,-0.8335757233519,0.465673690155628,-0.848327056582592
"454","Q9P035",0,NA,0.228711973677195,NA,0.470124030633637,-0.735375636481545,NA,NA,0.316378549762109,3.46943731542995,0.479614726531233,-0.627550203443659
"455","B4DLN1",0.7533283957492,0.737111213956711,0.328480012142545,3.22289437410256,0.152830934739383,NA,0,NA,0.600048213494198,-0.156243783975551,0.6487178979696,1.77952096240894
"456","P62269",0.520746106362135,-0.75701133455725,0.593023395571004,-0.0682620655354076,0.457722785231675,-0.821207607806193,0.560300589332283,-0.314001565622392,0.531536868871735,-0.669868715724889,0.546932269608649,-0.26089764045824
"457","P16401",0.397617033805961,1.6887697385909,0.326151268356588,1.60657491916731,0.788114664897675,10.1775344357093,0.419021575918528,-0.517414586980286,0.81122506192563,10.8602002406364,0.606786395104877,1.92750844988481
"458","B5MDF5",0,NA,0.227576318611966,NA,0.572043674091907,0.321075155219047,0.604112515190426,1.19965734684711,0.477488167236651,-0.766352298333896,0.652843611702475,1.65506493661128
"459","P49411",0.755070546637835,6.58673855754302,0.728589750045184,4.83142833955522,0.661876013239803,0.442481644466389,0.542922340068421,-0.479306759249458,0.705512245755589,3.72598080443132,0.673986134096445,2.6405696091596
"460","P01024",NA,NA,NA,NA,NA,NA,NA,NA,0,NA,NA,NA
"461","P49755",0.52109218863303,-0.766051163224335,0.388918006616795,-0.262817030030728,0.550064025776621,-0.560764232607956,0.520930436248951,0.795910140192074,0.507643979270318,-0.809217672610165,0.467976334228727,-0.84550994088843
"462","Q5T749",0,NA,0,NA,0.0764762243374304,17.2291390758461,0.0402312469440148,NA,0,NA,0,NA
"463","P54886",0,NA,0.0414408494659157,NA,0.329170530939056,2.05771535786483,0,NA,0.0328806512320192,NA,0,NA
"464","Q96AG4",0.5,NA,1,NA,0.55844935165987,NA,0.661948749496118,NA,0.567471074147007,-0.348863163877873,0.427763494231388,NA
"465","Q12955",0.038586464060473,21.6388898777421,0.0457975379209033,19.6712641845418,0.187288548627365,8.23490346274718,0.0236987802034547,22.9072086136731,0.339547179873114,0.737771053491939,0.273475860747445,2.87679045858919
"466","G3V3U4",0,NA,0,NA,0.330416290284444,2.85718908665871,0,NA,1,6.06298527306907,0.214745938713407,NA
"467","O14828",0.10922423765477,16.1432366220598,0.0991888148841193,18.0120276657395,0.0457671668069148,21.776160941951,0.018037220083854,23.9493936464548,0.195839447443415,8.18821956914791,0.114637599378804,12.6018367215045
"468","B1AK20",NA,NA,NA,NA,0,NA,NA,NA,NA,NA,NA,NA
"469","P62753",NA,NA,0,NA,0.493370179438974,-0.750955413379941,0,NA,0.576935069537986,-0.645621034700433,0,NA
"470","O75533",0.237928058510541,6.31532561173347,0.118470668463298,14.8494995543955,0.182886639958887,9.93878663808416,0.050203159499645,20.1816448167525,0.253381395570127,4.99771221065917,0.0936076466759897,15.7970916458145
"471","Q5T091",0,NA,NA,NA,0,NA,NA,NA,0,NA,0,NA
"472","Q7Z3B4",0.276236816405969,1.13701935159754,0.33176551837156,1.96477886665404,0.456935631273617,-0.820682247484161,0.166144930927625,5.32854671758552,0.324673998986657,2.38316010091433,0.37839176668951,0.227889546043571
"473","P36578",0,NA,0.455436271848758,-0.844854669205969,0.621544201547965,2.26651182318564,0,NA,0.659313124208937,2.17349708266133,0.45304043835427,NA
"474","P62241",0.256732115957133,NA,0.451484591289047,-0.5939639882286,0.412102792486556,-0.188445423441448,0.385716750616794,0.678282202723087,0.510415714577458,-0.833121599512056,0.414018701595409,0.903647845929546
"475","P51148",0.488033332257833,-0.627050341789749,0.0991697554786528,NA,0.461699521226814,-0.718739138513824,0.529178728502474,NA,0.540848148411764,-0.833660000016786,0.626748316812558,0.713564581290269
"476","P01037",1,28.3410303508805,1,28.6608880626805,1,28.0574571593779,1,29.2955586032327,1,29.9633727895912,1,29.6657729902651
"477","Q9Y5S9",1,21.7866815960222,0.456284112675608,0.936900006394638,0.288143008338395,0.693591669878276,0.5,NA,0.36133338933578,0.974342915968009,0.423060234717326,-0.729948704499428
"478","E9PCA1",NA,NA,NA,NA,NA,NA,NA,NA,NA,NA,NA,NA
"479","A0A087X2D0",NA,NA,0.255349127268614,NA,0.293755528673549,1.50497255774121,0,NA,0.102545729330283,12.6067951229545,0,NA
"480","P32322",0.5,NA,0.54033187871865,-0.809341010997397,0.407765064262357,-0.165774028591601,0.640289167831085,-0.207742053005382,0.189226008320475,7.89309968521146,0.0693869047827369,NA
"481","Q6ZVX7",0.268551188265119,2.91278093455516,0.322272021777095,1.81957851357831,0.339034694728513,2.04395592534777,0.176242583906384,9.97949744031391,0.363286362767522,0.639465949661198,0.342958088144408,0.785934317953723
"482","P06744",0.5,NA,0.868423812338828,9.06841135179009,1,NA,1,NA,0.784687578596819,8.67592550832943,0.797971035974558,6.73607385916759
"483","P62304",0,NA,0,NA,0,NA,NA,NA,0,NA,0,NA
"484","H0YHA7",0.409473299138681,-0.110523216076331,0.555899078440971,-0.807154823631605,0.594762879139294,-0.387053023268817,0.614723032905679,0.457892977056674,0.623968460690283,0.948015381014676,0.396177522521819,0.172258003981218
"485","M0QXN5",0.5,NA,0.140107959491533,NA,0.391704103883646,0.0471240773040402,NA,NA,0.234740714437754,NA,0,NA
"486","P06732",1,28.3410303508805,1,28.9582400792648,1,27.5214125337558,1,29.8574336674266,1,29.9633727895912,1,29.6657729902651
"487","Q9Y446",0.642295664478678,2.70021007735947,0.674371053394248,4.01322692277479,0.626405819229193,0.701896899863856,0.396174039029457,NA,0.56779555449449,-0.383607972334899,0.615382197727661,0.116736552667486
"488","P05109",0.737181074001399,5.88470853324321,0.465634623092748,-0.68697508111469,0.429672581198824,-0.452308801647911,0.242941959331313,4.59558196971518,0.677030231059153,1.04982590706496,0.683757581722634,2.08864103469529
"489","B4DY08",0.225631866789432,3.74582676605907,0.349493019307073,1.03573602589576,0.440003534424995,-0.649954492072108,0.338247117893806,2.72030951276888,0.433888810036252,-0.519059061471352,0.445048435473509,-0.686726511888596
"490","P02452",0.831103873630403,NA,NA,NA,1,NA,1,NA,0.659514307281918,NA,0.329831032769336,NA
"491","P04844",1,NA,1,16.761881310124,0.815680343441997,10.8607210463808,1,29.8574336674266,0.5517993494126,0.828478952807572,0.684803955940649,NA
"492","Q14677",0.791720521627284,10.6988609284437,0.723206096443248,2.637482288098,0.444983034762188,-0.679452721351186,0.667076173365442,2.05102592976348,0.727876357251672,4.76856908719676,0.695280778694121,2.8486846228853
"493","P07237",0.349654088688876,-0.725130170276327,0.256384195290463,2.86241250885617,0.323131336245758,2.98787523336695,0,NA,0.39030893889657,0.242407486361698,0.40639763921341,-0.654751980634193
"494","Q99623",0.416168929683423,0.393174872286922,0.412649796537455,-0.336536243493194,0.422227756322557,-0.467796756202335,0.305049294323386,3.38720645137846,0.411342451153305,-0.348346504686806,0.429919208827431,-0.531871164314578
"495","Q10570",0.0561872967643386,NA,0.153526480342338,13.1889563323401,0.36225428374879,1.15902785464254,0.0924989420755577,13.5518661694696,0.407348141162685,-0.191217813835964,0.206922308150264,6.75328184625128
"496","P40926",0.245593785646119,4.02789962990304,0.193163276106025,8.64792837241784,0.2464669820209,5.14389137316005,0.158637210273592,11.0280582309621,0.279013811251114,3.10661693453735,0.28632780050347,2.74331151552011
"497","P08238",0.502582739828089,-0.61882797406022,0.360496669951619,0.270953656736525,0.502965483472105,-0.82931266525947,0.513185148270107,-0.808096350007265,0.468501516064417,-0.83582880449613,0.514120038903583,-0.815944161035886
"498","P29401",0.753829850953378,4.37527026797859,0.492004902909661,-0.742693426366286,0.485134925587688,-0.180192880479108,0.439347683323597,NA,0.736345100844229,4.53729044598349,0.698046762885922,3.50608291719012
"499","Q53RT3",0,NA,0,NA,0,NA,0,NA,0,NA,0,NA
"500","P12830",0.928359772248288,20.6508043680976,0.91329311588879,19.3460115080702,0.963805905277632,24.1817138219672,0.885502756227766,13.2255461120235,0.942825566572797,22.6720813271221,0.949335020676862,23.7782800801627
"501","Q9UMS4",1,28.3410303508805,1,28.9582400792648,0.377840665510659,1.38058396561053,1,NA,0.635463695434931,0.137120658712779,0.611568004146253,0.993154102965267
"502","E5RI99",0,NA,0.350915009605845,NA,0,NA,0,NA,0.250126266296562,NA,0.289694723789729,NA
"503","P68871",0.0565338207647553,NA,0.0199123621944948,NA,0.0564159452970694,17.5641695875736,0.148003418954753,13.580028080835,0,NA,0.0226486068036254,NA
"504","Q01650",0.917546679737029,19.3922515221939,0.761276913919158,6.39654945220088,0.863138245363568,12.2802564335408,0.98544320046015,25.5813301407986,0.81356299988837,10.5199448244476,0.764525572033403,7.4274881897988
"505","Q96EP5",0.609253951666288,-0.840790882906268,0.609927857545929,-0.528012799500572,0.511715621344383,-0.841860163934415,0.657570294169535,-0.668330309758851,0.617599317965638,1.12172451182698,0.582755050267557,-0.172846675927438
"506","P27635",0.71804252275261,7.63330205398089,0.844306707031618,12.5965392989241,0.629861154171374,0.565898254870624,0.52471122195926,0.0892406595298123,0.704666526044224,5.65620530369185,0.760617089943555,9.34727468047057
"507","Q14697",0.610978896993906,1.89941606387968,0.52636592979321,-0.845934467124299,0.527418894592395,-0.695098128971823,0.518170218500929,NA,0.582058114135672,-0.416352440189631,0.431521029280431,-0.411563309992873
"508","A0A5F9ZHM4",0.555334589230358,-0.848913725129616,0.184880201643749,5.70236368779087,0.273201159496388,2.28372744524407,0.392256315420294,-0.782569194869955,0.510164812353018,-0.654719489545576,0.18692086091922,3.37499610198195
"509","Q5SZX6",1,NA,0.751196753719771,NA,1,27.1478086912979,1,NA,0.831930430173428,12.0518145149073,1,26.4500562118461
"510","P02671",0.761111311619195,2.43887868604981,0.864160127659706,4.53947254355362,0,NA,1,19.3648822712732,0.610034964397314,3.83524305521096,1,NA
"511","P28066",NA,NA,0.242228009005359,NA,0.207412720492733,NA,0,NA,0.286247209860425,NA,0.637616820655204,-0.29378593219661
"512","Q53GQ0",0.225601774246007,NA,0.450684647126552,-0.824425604605307,0.368280000064161,2.29039868732508,0,NA,0.497507149656946,-0.834954167810482,0.410188564923808,-0.364529536879083
"513","Q96I24",0.5,NA,0.586177547403973,NA,0.31377898993516,0.780630273661231,0,NA,0.271185891511994,NA,0.210868935394262,NA
"514","F8VZX2",0.5,NA,0.23115479977297,NA,0.4036725643231,-0.046878069647784,0,NA,0.54828415637227,-0.729510560544634,0.416423194147372,-0.778908765131497
"515","P20700",0.0964996281942695,14.6744671070317,0.240894649063001,9.00203226019226,0.288607435388825,1.39295932800928,0.11661009038037,8.28510992136489,0.320379667573734,2.18663962893849,0.279305862158057,2.41622524908997
"516","P62841",0.578671450845882,-0.195420057351091,0.483390979729777,-0.730401247316056,0.552402026886312,1.13469940904909,0.56773478021157,-0.628982663664784,0.593781309121111,-0.135198543802218,0.573180693246398,-0.201012531122437
"517","D3YTB1",NA,NA,NA,NA,NA,NA,0.328622152171004,NA,0.799954897521066,NA,NA,NA
"518","Q96FQ6",0.4938784954452,-0.749858589560835,0.357739922994521,1.34772527317343,0.337527834631153,0.889659250914741,0.19794348990953,6.16556596048603,0.354388154558373,0.343191958144162,0.334959506534775,0.869984410744765
"519","Q15149",0.74346834828205,6.79842441236613,0.217745116715479,3.27045114079184,0.355915539681593,0.911752227471898,0.232558977523284,3.18745872907438,0.483472910889517,-0.847446606663963,0.426891651038841,-0.432387627180589
"520","Q13310",1,NA,0,NA,0.222433403664445,NA,NA,NA,0.331673331170345,NA,1,NA
"521","P50402",NA,NA,0.986426134786941,NA,0.333038798382952,2.86021611403529,NA,NA,0.364607014038063,1.96137104426915,0.616850752553023,0.507554541391525
"522","H3BRG4",0,NA,0.670961948213178,NA,0.24322560209429,6.29777761344566,0,NA,0.169648072277406,7.10014925492757,0.397095829938083,0.786510345592224
"523","P25787",NA,NA,0,NA,0.253172562794631,NA,0,NA,NA,NA,1,NA
"524","P27708",NA,NA,0,NA,0.565186721899889,NA,NA,NA,0.507969054618771,-0.640890716319495,0.505795905278195,NA
"525","F5H282",1,NA,1,NA,1,28.0574571593779,1,29.8574336674266,1,29.9633727895912,1,NA
"526","G3V3A0",0,NA,0,NA,0,NA,0,NA,0,NA,0,NA
"527","H0YL69",0.295155484083913,1.0095912367965,0.0898004478153972,18.066107244216,0.0976247859821001,14.9930603768517,0.0642234936393615,19.8016909698547,0.23317857307114,5.67556311333964,0.152936991840583,13.2098143853504
"528","P01036",0,NA,NA,NA,0,NA,0,NA,0,NA,0,NA
"529","P07858",0.353283054824808,0.20038128587689,0.57575392300097,-0.68162176184244,0.364161552547092,1.56194168955616,0.155535427854007,NA,0.708258529743646,NA,0.629937894370342,-0.346355323354411
"530","H3BNC9",0.335252779817976,-0.473528191588354,0.28303432579382,1.62044139868901,0.391296707614526,2.63587578393495,0.249954404632112,3.69721520622279,0.425010414007869,-0.654231271935018,0.304037725414663,2.98966680710087
"531","P46783",0.431338655219389,NA,1,NA,0.467588572695222,NA,0,NA,0.542351121246119,-0.547450815389906,0.35355137995988,NA
"532","Q02878",0.975595560055777,25.6573337167518,0.89827474048535,15.9095265451126,0.857021043488089,10.471451004183,0.926264229742264,22.6898450725519,0.786679676093017,8.61617497963693,0.911995852667405,17.7996599683414
"533","P23490",0.914974459465477,17.2986785692573,0.319410866937626,-0.0693902429869167,0.543169716294907,-0.25138512746417,0.42302748921272,-0.677574929890922,0.6609242155603,3.04574649178569,0.653483669182003,4.3700219142423
"534","P15586",0,NA,0,NA,0.0989305402316705,NA,0,NA,0,NA,0,NA
"535","P11279",0.981361333938956,26.0627643462203,0.873175982965388,14.9088358816198,0.825537968631451,8.63706448556129,0.809557675711148,11.4857109107364,0.907289628690891,19.0985308796462,0.884893983521128,16.2394183611399
"536","Q9GZZ8",0,NA,0,NA,0,NA,0,NA,0,NA,NA,NA
"537","Q9UN86",NA,NA,1,NA,1,NA,NA,NA,1,NA,1,NA
"538","P25786",0.0599126147693149,NA,0.055672025787363,NA,0.131411662871563,NA,0,NA,0.143304847292263,11.3565694537114,0.177239374606731,9.45267131408857
"539","O75629",0.95407504581699,22.4121850019587,0.979611790537404,24.8655271525464,0.400161948779983,NA,0.860146332995014,2.70685598425598,0.971560820587104,25.974558419632,0.971788151834363,5.14367308404944
"540","P61513",0.665626618817398,NA,0.789062100763231,NA,1,NA,0.659600198773099,NA,0.656761558343159,NA,1,NA
"541","P56945",0.251375086140085,3.99053541316603,0.177913905990493,6.9540678802549,0.322591916790362,1.69366263112878,0.168041363625295,9.12102776099363,0.336207971849362,1.28527069037799,0.30620524061319,2.07409017836127
"542","P39656",0.398854622678778,-0.32811939278115,0.243985427340654,5.19770484206352,0.371386805384132,0.31049714830172,0.138655572281141,NA,0.311625302520764,2.31121896819224,0.296053208960536,1.6050484887081
"543","Q9NR31",NA,NA,0.450509517658369,NA,0.497181594795541,-0.090862367261682,0.5,NA,0.734741219146979,NA,0,NA
"544","P62906",0.363799810620261,0.774614616113594,0.368557586153531,0.620919602702165,0.478403630527644,-0.847321838586665,0.338381404508499,2.68117033856973,0.547153748735416,-0.635496343063557,0.336702041186126,0.60942526651365
"545","P49327",0.722607459357983,6.18764551252552,0.516745740129882,-0.792091050143908,0.636722490741783,1.07074299495817,0.697497297248739,NA,0.596765030386441,0.384533052870884,0.638208976982191,1.14734272412485
"546","C9JD32",0.520941192644897,NA,0.621524116973921,-0.0903597597712844,0.569415410720239,-0.739815686541758,0.5,NA,0.623990907032498,2.2056662279867,0.550985412983267,-0.727023961988454
"547","P35030",0.448688198857877,0.772216499285471,0.245676213950632,NA,0,NA,0.17691927509227,NA,0,NA,0,NA
"548","E9PB61",0.918548454982478,14.3340964708185,0.56603597962775,-0.715943772370789,0.696405836722309,3.34273384200404,1,29.8574336674266,0.429074618077618,-0.6662883607878,0.183412273713888,NA
"549","Q13151",NA,NA,1,NA,0.59699814601651,NA,0.327937870050273,NA,0,NA,1,NA
"550","B4DY09",0.5,NA,0,NA,0.271968652267965,7.15052413757764,0,NA,0.128287819234728,NA,0.20706215931899,NA
"551","Q96T58",0.00158189963452702,25.7418728881016,0.002471140167719,26.8793275000438,0.00248813336417483,25.6508429506291,0.000698700323296612,NA,0.00100727112340521,NA,0.000247462602943284,NA
"552","Q5QNW6",0.180213893538646,9.53017066035025,0.194694548533968,8.51753845648789,0.233132146804102,5.60171306222576,0.220486765058056,6.07163296741607,0.355787127725682,0.819728315857358,0.283956689162074,3.08804264406292
"553","A0A087X0X3",0.749926225639013,5.95047345256294,0.748721907387931,4.17347880640686,0.40848967409036,-0.319578407870343,0.542631348931003,0.399114275314189,0.669037571300658,1.70020734728869,0.557439201036446,-0.337363277358062
"554","J3KRX5",0.110921568512014,14.2601521378544,0.364009222351006,0.665748120464276,0.17353629207908,12.0141669421992,0.380757508077528,1.69869299616706,0.315256043505535,2.07388574790059,0.280822357484881,3.22425121527947
"555","O43251",0.357623354669911,0.925661795716204,0.430399968137833,-0.0694971124432038,0.369236914133878,0.48380500554994,0,NA,0,NA,0,NA
"556","P00403",0,NA,0.0850675140797329,NA,0.423432942293995,1.68078080202301,0.343123071283516,NA,0.254612045069868,4.6810878577059,0.334560288850785,2.00848563030521
"557","F8VVM2",0.401993857702855,-0.431721614352326,0.412604086852636,-0.428841639894094,0.390952332264996,0.684756167276445,0.325595139109748,0.783913573399338,0.424725857825726,-0.478746025909677,0.395139436753115,-0.0633051534855924
"558","P35221",0.412992627542906,-0.727606832402311,0.48640705798128,-0.438707160846973,0.304250551456277,2.50725486806065,0.0128478501499424,NA,0.710536851658438,4.88292522696683,0.731000492315281,2.74844354532906
"559","P62314",0,NA,NA,NA,0.429760444626752,NA,0,NA,0.293315233888042,NA,0.330985072321822,3.88983873829527
"560","P31151",0.273410707853562,1.98929245988005,0.445245221024843,-0.593285048496823,0.0347711251507587,20.3421720710999,0.075612464805901,15.1148174164856,0.235910982507895,4.86283264152045,0.22077740716149,7.76442248041294
"561","H0YKD8",0.734256438153649,NA,0.541138302133305,-0.817685136228912,0.501961751719253,NA,1,NA,0.624643558655601,1.77389115888914,0.448612336746616,-0.779090811913054
"562","Q9P2I0",NA,NA,NA,NA,0.500786334128497,NA,NA,NA,0,NA,0,NA
"563","P50995",0.504103351641891,-0.842638610269177,0.283261440835376,4.87180759680409,0.481492087269703,-0.841149915465549,0.374194621446663,2.08312595594728,0.357585038420357,-0.222758184951639,0.581506812538741,0.826940978401722
"564","P62277",0.539067967861859,-0.617934124423864,0.511887054087644,-0.61430598708612,0.654478015143512,0.515730058707695,0.518150172014365,-0.730745384529511,0.624032825173513,0.546426549192676,0.61926355782476,0.732232691515915
"565","P20618",0.456769807785853,-0.724259714851235,0.355227052235756,0.812884025384616,0.381052020571465,0.186505471713863,0.234020501471157,5.6192111982694,0.457518467546985,-0.740195174509424,0.414331943975858,-0.21254017546546
"566","A0A0A0MRM8",1,NA,1,NA,0.5,NA,1,NA,0.571702529246926,NA,0.337911531220943,2.4528837549322
"567","Q9BSJ8",1,NA,1,NA,0.512069895028354,NA,1,15.9086251651687,0.369748119303249,-0.261640653878731,0.499613593294981,NA
"568","P38159",0.714495872479767,0.449272023516649,0.2635858146565,4.59185438451236,0.308884890268159,3.26261797985582,0.414985822373752,NA,0.410480227321315,-0.29604651116789,0.228893607047335,2.05266695080105
"569","P19474",0.985412072500544,26.4756849870733,0.965780170730078,22.0699479027828,0.418669242452584,-0.378993324226272,0.888340687458468,17.2417795754339,0.403798264347032,-0.168369511375055,0.460877869117457,-0.784048770510689
"570","P34897",0.58751955990059,-0.637536960210192,0.387092422410594,1.01717644800365,0.400075708616444,0.228240773515797,0.554480190698428,NA,0.417317321760746,-0.425279209596283,0.383721816391203,-0.321944291240276
"571","Q9Y3U8",1,NA,1,NA,1,28.0574571593779,1,29.8574336674266,1,NA,0.535799603646007,NA
"572","P21333",0.120842630420568,14.4615478999258,0.0364443301763614,22.8486650145232,0.00165358803503916,25.836653100677,0,NA,0.00526202244439528,24.2069806642532,0.0511806840018713,20.3320216301029
"573","P62316",NA,NA,0,NA,0.508140545075839,-0.725340531977671,NA,NA,0.7839361611151,3.34485118731935,1,NA
"574","O43390",0,NA,1,NA,0.494705553053796,0.126494153250063,0.5,NA,0.649990929130257,1.57201734960738,0.304087021690583,-0.816571648625163
"575","D6RBZ0",0.27718493266559,2.50236662574444,0.288057121695491,2.83534311286783,0.348321803176029,1.86154508382419,0.401634898633974,-0.808281792816315,0.350908395330386,0.804193804988818,0.237427825681907,5.36613982792802
"576","P01834",0.0123506231134398,NA,0.311017688781204,1.87048774847992,0.0434409941583596,21.5415949686882,0.0152465156367117,15.5430141351232,0.0288089992013869,23.944348185833,0.0140581322581752,24.1476083686257
"577","A0A0G2JIW1",0.794049559373685,10.3969870394157,0.733083255407029,4.73018422667699,0.564840404634239,-0.379317220942176,0.613549215078617,0.614361898774299,0.701282789594073,3.49765393175793,0.713666659417809,4.37020104732303
"578","P42766",0,NA,0.370242415474904,-0.363779254233309,0.425394569146031,0.828192548180581,0.512147533547862,-0.84576047571239,0.534811029745544,-0.768107525036641,0.328420386416969,0.792141278773772
"579","Q16629",0.00738737320904897,25.3191293827814,0.00600193533042483,NA,0.0322325185719666,22.5716669416338,0,NA,0.019757969786458,24.6466382087629,0.0288216548596011,15.7787113230712
"580","P60866",0.418040328785886,-0.705157026667956,0.281181621023882,3.5892225714283,0.445692091813548,-0.684139682489553,0.171729836277043,NA,0.478746414023345,-0.840538267705405,0.354097932315527,0.18855909168859
"581","A0A3B3ISS6",0,NA,0,NA,0.243774412615513,7.93757186011867,0,NA,0.157162702149219,NA,0,NA
"582","A0A3B3ITD8",0.408885540343888,-0.389276231070757,0.294720869442415,-0.325061678738027,0.476817733211126,-0.819200625649018,0.338688040896954,1.65031631531642,0.119572244892738,NA,0.118684402008601,NA
"583","P49207",0.248286258750117,NA,0.499578957831141,NA,0.729876549020785,NA,0.5,NA,0.573518948292802,1.24868570641289,0.555552596332927,0.852311438609883
"584","Q96PK6",0.258159073780102,1.58969839238315,0.435430390907893,-0.746032496202202,0.21073345993859,2.51662891171944,0.0675968360821826,NA,0.43494583719593,-0.334666435386625,0.315519264117627,1.25119368644602
"585","Q8N684",0,NA,NA,NA,0,NA,0,NA,0,NA,0,NA
"586","A0A024R6I7",NA,NA,NA,NA,0,NA,0,NA,NA,NA,0,NA
"587","P62491",0.351697854413171,NA,0.126729175520283,NA,0.430074629486688,-0.389419446377913,0,NA,0.490838243006674,-0.84591886787967,0.422306523083758,-0.706896075206108
"588","A0A0B4J231",0.438328744031929,NA,0,NA,0.521599286087522,NA,0.208472005640225,NA,0.450956831302512,NA,0,NA
"589","H0Y4R1",0.901086173527451,3.22805808964704,0.829710901745011,12.2528426689958,0.717322604743104,5.74340857397713,1,NA,0.731801964865793,6.80168513832531,0.832628923319427,11.1557953305711
"590","O43175",0.573420446488073,-0.368386791297807,0.635634584250599,1.20514709069912,0.626826175187192,0.481064544762503,0.654092274621554,2.46270579382103,0.689253834696024,2.32483109028158,0.664289943053013,2.90507960340947
"591","P09936",1,NA,0,NA,0,NA,NA,NA,0.533554713174349,NA,0.685633192968086,5.88750948804562
"592","NA",NA,NA,NA,NA,NA,NA,NA,NA,NA,NA,NA,NA
