"Accession","Description","abundance_stoichiometry_1",",idirt_1_a","idirt_1_b","idirt_1_c","idirt_1_d","bf_1","median_ratio_1","abundance_stoichiometry_2","idirt_2_a","idirt_2_b","idirt_2_c","idirt_2_d","bf_2","median_ratio_2","Gene","average_stochiometry","group","label"
"1","A0A2R8YCH5","Catenin beta-1 (Fragment) OS=Homo sapiens OX=9606 GN=CTNNB1 PE=1 SV=1",1.25403835202824,0.655091232381266,0.709822292797135,0.753069770943869,0.819882078015108,5.37893599848983,0.731446031870502,1.03796606639458,0.859557361718108,0.851638711980936,0.777387321242439,0.862858898547577,10.888901602896,0.855598036849522,"CTNNB1",1.14600220921141,"Stable interactor","CTNNB1"
"2","Q02413","Desmoglein-1 OS=Homo sapiens OX=9606 GN=DSG1 PE=1 SV=2",11.4233421120373,0.953031757935802,0.974672624385881,0.950409780190596,0.94847216538478,24.7875595290115,0.951720769063199,0.192330400501608,0.023880733051597,0.01481823654528,0.0205585750286699,0.0143618880325751,29.5028053490034,0.017688405786975,"DSG1",5.80783625626948,"Random hit",""
"3","P12830","Cadherin-1 OS=Homo sapiens OX=9606 GN=CDH1 PE=1 SV=3",1,0.86150682418929,0.679623501172294,0.920870422792457,0.909498688266242,13.1662468722686,0.885502756227766,1,0.900944129672647,0.980008605101473,0.88600130134377,0.811963377883954,15.9262350760749,0.893472715508208,"CDH1",1,"Bait","CDH1"
"4","P42704","Leucine-rich PPR motif-containing protein, mitochondrial OS=Homo sapiens OX=9606 GN=LRPPRC PE=1 SV=3",0.0816427821995862,0.00461569502577254,0.00425656128650906,0.00502853075563246,0.00508866011505928,26.751567771664,0.0048221128907025,14.839716024339,0.995089866623533,0.99474246566725,0.9948291954366,0.995267992018366,26.9698313738458,0.994959531030067,"LRPPRC",7.46067940326929,"Random hit",""
"5","P04406","Glyceraldehyde-3-phosphate dehydrogenase OS=Homo sapiens OX=9606 GN=GAPDH PE=1 SV=3",0.228827033640219,0.47894066069456,0.442571654699883,0.344875025082523,0.503413637873726,-0.663213720697935,0.460756157697222,0.164641425964138,0.716186887693974,0.712660715204018,0.576073990491613,0.402050291435609,-0.194256377892665,0.644367352847816,"GAPDH",0.196734229802178,"Background",""
"6","A0A669KB05","Catenin delta-1 OS=Homo sapiens OX=9606 GN=CTNND1 PE=1 SV=1",0.0394684440857167,0.243564306830078,0.487993969241599,0.391717013177622,0.689459760426547,-0.739829092213082,0.43985549120961,0.034987001791349,0.385255592231212,0.685941126479155,0.357586029277214,0.353445592336013,-0.394199842775524,0.371420810754213,"CTNND1",0.0372277229385329,"Background",""
"7","P22626","Heterogeneous nuclear ribonucleoproteins A2/B1 OS=Homo sapiens OX=9606 GN=HNRNPA2B1 PE=1 SV=2",0.706051834826421,0.844118698503395,0.830555770883153,0.808400072259235,0.85428833315204,12.4527576388833,0.837337234693274,0.408571821733764,0.331784151161222,0.310398914946482,0.349918406370324,0.342446506437012,2.51560595419224,0.337115328799117,"HNRNPA2B1",0.557311828280092,"Background",""
"8","Q96P63","Serpin B12 OS=Homo sapiens OX=9606 GN=SERPINB12 PE=1 SV=1",0.471721650288059,0.705880467892542,0.641262494745563,0.329229798493578,0.607119970309443,-0.262377625048963,0.624191232527503,0.101430381912999,0.122936910326922,0.237335788393795,0.129289699712985,0.0863121019585532,15.4295014043215,0.126113305019954,"SERPINB12",0.286576016100529,"Background",""
"9","P15924","Desmoplakin OS=Homo sapiens OX=9606 GN=DSP PE=1 SV=3",0.034937676567458,0.0568288690253454,0.0810498428009195,0.0387785087497522,0.0668247116454399,20.366415449756,0.0618267903353927,0.186434179103242,0.893669633094973,0.813815522335169,0.900165869419914,0.719189438427007,10.3907945551242,0.853742577715071,"DSP",0.11068592783535,"Random hit",""
"10","Q15637","Splicing factor 1 OS=Homo sapiens OX=9606 GN=SF1 PE=1 SV=4",4.71457710935398,0.721338399751954,0.54345977931872,0.69757307392667,0.683717248684279,1.99899109326981,0.690645161305474,1.85771765281705,0.523148205667811,0.531774302484735,0.553844722121505,0.668009425224968,-0.604307722547913,0.54280951230312,"SF1",3.28614738108551,"Background",""
"11","P14923","Junction plakoglobin OS=Homo sapiens OX=9606 GN=JUP PE=1 SV=3",0.0822090785472271,0.291707188446513,0.305795417909794,0.213751488151118,0.186655704514722,5.04375608039294,0.252729338298816,0.0809390094479116,0.877253262529522,0.80592271805889,0.795838396117327,0.685392369041585,7.42370162174681,0.800880557088109,"JUP",0.0815740439975693,"Random hit",""
"12","P11142","Heat shock cognate 71 kDa protein OS=Homo sapiens OX=9606 GN=HSPA8 PE=1 SV=1",0.0816653652191229,0.298817729075301,0.223735748285565,0.456387113060028,0.435706793888376,0.831810990461197,0.367262261481838,0.144825310244582,0.823620130452566,0.66691085052099,0.71565460543759,0.723326391174033,3.98380506095673,0.719490498305812,"HSPA8",0.113245337731852,"Background",""
"13","P10809","60 kDa heat shock protein, mitochondrial OS=Homo sapiens OX=9606 GN=HSPD1 PE=1 SV=2",0.104786632915104,0.378052624331527,0.506067776255152,0.504602950052034,0.505305574464791,-0.828639383031145,0.504954262258413,0.0706255963089807,0.664957241467939,0.643853547191673,0.630757191628287,0.584796838161108,0.369087831169897,0.63730536940998,"HSPD1",0.0877061146120423,"Background",""
"14","P05141","ADP/ATP translocase 2 OS=Homo sapiens OX=9606 GN=SLC25A5 PE=1 SV=7",0.120309961446958,0.470119921671853,0.468474490899124,0.468108641058904,0.72925724381932,-0.675183039935981,0.469297206285489,0.100664915908361,0.547985019617614,0.537585202294633,0.620585973428695,0.564087636226636,-0.619415712143324,0.556036327922125,"SLC25A5",0.11048743867766,"Background",""
"15","P21796","Voltage-dependent anion-selective channel protein 1 OS=Homo sapiens OX=9606 GN=VDAC1 PE=1 SV=2",0.226280678024418,0.553402278132493,0.634158134501962,0.590411843629214,0.675232479982458,0.556423831977301,0.612284989065588,0.0855106832668688,0.297965594808339,0.346342275523786,0.366372801504112,0.246189967073604,3.35567303469083,0.322153935166062,"VDAC1",0.155895680645643,"Background",""
"16","P25311","Zinc-alpha-2-glycoprotein OS=Homo sapiens OX=9606 GN=AZGP1 PE=1 SV=2",0.515966417082523,0.567636168072551,0.924849974712437,0.670297732973352,0.66901035362963,3.96642779129334,0.669654043301491,0.141580478519328,0.352530555029077,0.186949719392463,0.291876960514244,0.334612664419601,4.47798708323057,0.313244812466923,"AZGP1",0.328773447800925,"Random hit",""
"17","P11021","Endoplasmic reticulum chaperone BiP OS=Homo sapiens OX=9606 GN=HSPA5 PE=1 SV=2",0.0672142893574782,0.555755544026028,0.491862284334121,0.496413133212772,0.479188308059089,-0.824807169412053,0.494137708773447,0.0583814221356686,0.788258805497956,0.828990847734027,0.810906595823506,0.644571690394291,5.95927640828148,0.799582700660731,"HSPA5",0.0627978557465734,"Unstable interactor",""
"18","Q5T9A4","ATPase family AAA domain-containing protein 3B OS=Homo sapiens OX=9606 GN=ATAD3B PE=1 SV=1",0.00299611711142791,0.159244924487323,0.00495721040290092,0.0327920719426997,0.531972082239358,9.31963825424042,0.0960184982150112,0.00549134749691295,0.401461245539837,0.529231540422125,0.98308909003514,0.321610247974168,-0.693385841522419,0.465346392980981,"ATAD3B",0.00424373230417043,"Background",""
"19","Q99569","Plakophilin-4 OS=Homo sapiens OX=9606 GN=PKP4 PE=1 SV=2",0.00760786794424382,0.440475026356796,0.843533701134147,0.312679157693315,0.769773455728229,0.0838603847238133,0.605124241042512,0.00525212389327553,0.361326721891107,0.652134818213826,0.929565414615496,0.469552211550729,-0.174609128050349,0.560843514882278,"PKP4",0.00642999591875968,"Background",""
"20","P08238","Heat shock protein HSP 90-beta OS=Homo sapiens OX=9606 GN=HSP90AB1 PE=1 SV=4",0.0850812477706112,0.606767837345473,0.467139622944113,0.386486031393082,0.559230673596101,-0.827337957406727,0.513185148270107,0.0809195366484599,0.410531395783512,0.466307612395686,0.369629474440979,0.466263204219353,-0.134492835664829,0.438397300001433,"HSP90AB1",0.0830003922095356,"Background",""
"21","F5GZS6","4F2 cell-surface antigen heavy chain OS=Homo sapiens OX=9606 GN=SLC3A2 PE=1 SV=1",0.0569451833767261,0.623828851401957,0.927182923551279,0.805324673977696,0.846251321158132,9.73768165983649,0.825787997567914,0.0766419217219593,0.929107565777467,0.848222832917895,0.936763519813312,0.531406216762989,8.81276888244269,0.888665199347681,"SLC3A2",0.0667935525493427,"Stable interactor","SLC3A2"
"22","P07355","Annexin A2 OS=Homo sapiens OX=9606 GN=ANXA2 PE=1 SV=2",0.0852029000464813,0.193824994984849,0.469842900617391,0.122717791010351,0.285816853464517,4.0615691427426,0.239820924224683,0.103341299937792,0.774288120180778,0.573492994677663,0.382486788661721,0.341607538735778,-0.848837791866158,0.477989891669692,"ANXA2",0.0942720999921364,"Background",""
"23","P05109","Protein S100-A8 OS=Homo sapiens OX=9606 GN=S100A8 PE=1 SV=1",0.192803744173959,0.0531830151795883,0.451021899436753,0.165196179482366,0.32068773918026,5.13372644724576,0.242941959331313,0.167862678622959,0.835826141710673,0.477794564693116,0.560208001432826,0.526238045288488,-0.221658007834671,0.543223023360657,"S100A8",0.180333211398459,"Background",""
"24","P04083","Annexin A1 OS=Homo sapiens OX=9606 GN=ANXA1 PE=1 SV=2",0.0501348731093913,0.0715473185249117,0.336369313517854,0.271024209203311,0.393926167508402,4.05489085753924,0.303696761360582,0.0545028859762111,0.763018883996824,0.669403976706305,0.660717172934227,0.595765590337237,1.50122860938217,0.665060574820266,"ANXA1",0.0523188795428012,"Background",""
"25","P25705","ATP synthase subunit alpha, mitochondrial OS=Homo sapiens OX=9606 GN=ATP5F1A PE=1 SV=1",0.0419182479869251,0.128824190980153,0.386909741883916,0.381442794079184,0.25839422079489,3.09357862892412,0.319918507437037,0.074673563981131,0.771843646477049,0.640811989915129,0.643393826145939,0.744326635286428,2.52315596600591,0.693860230716183,"ATP5F1A",0.0582959059840281,"Background",""
"26","Q5T5P2","Sickle tail protein homolog OS=Homo sapiens OX=9606 GN=KIAA1217 PE=1 SV=2",0.00768051756224753,0.122398257090576,0.677219634422601,0.466825884295187,0.40659837261469,-0.416330583521618,0.436712128454939,0.04269077309381,0.953629053756552,0.199426633514517,0.611992478182967,0.67685692114913,-0.0536485944189256,0.644424699666048,"KIAA1217",0.0251856453280288,"Background",""
"27","P62805","Histone H4 OS=Homo sapiens OX=9606 GN=H4C1 PE=1 SV=2",0.125688892287813,0.215178623036295,0.251786185403363,0.284747494874566,0.295651854743661,4.38716643372952,0.268266840138964,0.551675930727512,0.828454035893358,0.814955894477817,0.619987290189072,0.752654472256412,5.13029308689947,0.783805183367114,"H4C1",0.338682411507663,"Random hit",""
"28","J3QTR3","Ubiquitin-40S ribosomal protein S27a (Fragment) OS=Homo sapiens OX=9606 GN=RPS27A PE=1 SV=1",0.12440412466232,0.0711130162338204,0.264630472590438,0.16969204459859,0.208868194503948,9.65143526433861,0.189280119551269,0.287042976961605,0.855172587513979,0.864233774065594,0.822038585157922,0.876650224363829,12.2746542338297,0.859703180789786,"RPS27A",0.205723550811963,"Random hit",""
"29","P02545","Prelamin-A/C OS=Homo sapiens OX=9606 GN=LMNA PE=1 SV=1",0.038882784027059,0.281139763592935,0.066673412426548,0.240425585788733,0.790708704004817,1.06136749608946,0.260782674690834,0.0261345348488305,0.552334291433089,0.616194481636364,0.62604486067104,0.177813644797745,-0.799907800827815,0.584264386534727,"LMNA",0.0325086594379447,"Background",""
"30","H0YFD6","Enoyl-CoA hydratase OS=Homo sapiens OX=9606 GN=HADHA PE=1 SV=2",0.0272300107989663,0.0113959464261241,0.013651603987705,0.0115393199533691,0.00989776853225063,25.9265627087053,0.0114676331897466,1.37327852684075,0.987663456339566,0.991153343665565,0.992600649922071,0.984400560026982,26.2311846446839,0.989408400002566,"HADHA",0.70025426881986,"Random hit",""
"31","F8W6I7","Helix-destabilizing protein OS=Homo sapiens OX=9606 GN=HNRNPA1 PE=1 SV=2",0.13426839536848,0.706949834031795,0.636301482435348,0.625144850968949,0.620461695898047,1.51007905130106,0.630723166702148,0.178562437584004,0.462657556326862,0.355182410885513,0.476584257782539,0.456846316573124,-0.285632787168144,0.459751936449993,"HNRNPA1",0.156415416476242,"Background",""
"32","Q14157","Ubiquitin-associated protein 2-like OS=Homo sapiens OX=9606 GN=UBAP2L PE=1 SV=2",0.0960415377708443,0.669185774179939,0.696039193386063,0.691738717745088,0.568583226718038,1.81765294407798,0.680462245962513,0.0407319758873226,0.794559379865153,0.0943116342062934,0.255894264639387,0.353319751715404,1.07143029438934,0.304607008177395,"UBAP2L",0.0683867568290834,"Background",""
"33","Q99623","Prohibitin-2 OS=Homo sapiens OX=9606 GN=PHB2 PE=1 SV=2",0.0143726468523281,0.0736095643356992,0.30193897261718,0.308159616029592,0.406987162159539,3.83685952790518,0.305049294323386,0.0363727944822526,0.849200374158444,0.791853929676078,0.716765848615252,0.781080950378264,7.00402498721918,0.786467440027171,"PHB2",0.0253727206672904,"Random hit",""
"34","Q96S66","Chloride channel CLIC-like protein 1 OS=Homo sapiens OX=9606 GN=CLCC1 PE=1 SV=1",0.0366184910626358,0.872703186440436,0.86722533392312,0.860945930932207,0.85898397175126,15.1715182975941,0.864085632427664,0.00802142409155497,0.408696389832979,0.244622146343504,0.297189070547468,0.232753575179878,4.2520049624912,0.270905608445486,"CLCC1",0.0223199575770954,"Random hit",""
"35","P06576","ATP synthase subunit beta, mitochondrial OS=Homo sapiens OX=9606 GN=ATP5F1B PE=1 SV=3",0.04862593885718,0.0495418636162483,0.0136850208363198,0.0682703160485341,0.0812215997556113,21.1922672883451,0.0589060898323912,0.603002212036609,0.943002136532214,0.955354524814273,0.946215538097941,0.9564823287829,21.7168410243992,0.950785031456107,"ATP5F1B",0.325814075446895,"Random hit",""
"36","Q16777","Histone H2A type 2-C OS=Homo sapiens OX=9606 GN=H2AC20 PE=1 SV=4",0.0923498644625759,0.190081417477787,0.249442697191859,0.270096856733137,0.262098096189959,5.41127901153491,0.255770396690909,0.420328938224504,0.828147051555297,0.78492974694973,0.604663435460656,0.784732108999523,4.94030282373849,0.784830927974626,"H2AC20",0.25633940134354,"Random hit",""
"37","P55084","Trifunctional enzyme subunit beta, mitochondrial OS=Homo sapiens OX=9606 GN=HADHB PE=1 SV=3",0.00348614238837269,0.0459395214226028,0.731539522240603,0.272377766886038,0.234125535824138,1.81290338843719,0.253251651355088,0.0107350795560793,0.882715066715312,0.601895015037383,0.711000948724327,0.786110594002651,4.65473287483243,0.748555771363489,"HADHB",0.00711061097222599,"Background",""
"38","A0A0G2JIW1","Heat shock 70 kDa protein 1B OS=Homo sapiens OX=9606 GN=HSPA1B PE=1 SV=1",0.0235328784040872,0.652724157920187,0.439896069726064,0.574374272237047,0.779008025606526,0.511110197463675,0.613549215078617,0.0175541494539616,0.646892312250515,0.831255268330876,0.707638846812469,0.595832948351042,2.33396925835989,0.677265579531492,"HSPA1B",0.0205435139290244,"Background",""
"39","P30101","Protein disulfide-isomerase A3 OS=Homo sapiens OX=9606 GN=PDIA3 PE=1 SV=4",0.11444786788999,0.584495662441088,0.746908684603377,0.752766354687761,0.820717057137974,4.91797443777158,0.749837519645569,0.0303610769892983,0.894372161361787,0.698764708117792,0.526561234691691,0.709129590586218,2.81148579076593,0.703947149352005,"PDIA3",0.0724044724396443,"Unstable interactor",""
"40","P31942","Heterogeneous nuclear ribonucleoprotein H3 OS=Homo sapiens OX=9606 GN=HNRNPH3 PE=1 SV=2",0.0673213832599445,0.0597107435892753,0.452930998296119,0.41668409009663,0.716053373275427,-0.326278203724685,0.434807544196374,0.23600478641009,0.575071492164286,0.560774142009076,0.545937028727874,0.49948542542065,-0.777013933574175,0.553355585368475,"HNRNPH3",0.151663084835017,"Background",""
"41","P78406","mRNA export factor OS=Homo sapiens OX=9606 GN=RAE1 PE=1 SV=1",0.221744358648613,0.843330446216403,0.9550500373635,0.868459783305898,0.895146342201933,17.6246376135839,0.881803062753916,0.0404422204357691,0.410477041304023,0.507321987970451,0.0782504635486315,0.14142798342434,4.8370117397555,0.275952512364181,"RAE1",0.131093289542191,"Random hit",""
"42","P04792","Heat shock protein beta-1 OS=Homo sapiens OX=9606 GN=HSPB1 PE=1 SV=2",0.0516066933630809,0.169819543240439,0.212265651547556,0.193247227032178,0.273620503510182,7.28996126435706,0.202756439289867,0.0592113154604458,0.820077569397716,0.586257932431155,0.514462377894334,0.439258781464445,-0.366813284977956,0.550360155162744,"HSPB1",0.0554090044117634,"Background",""
"43","P38646","Stress-70 protein, mitochondrial OS=Homo sapiens OX=9606 GN=HSPA9 PE=1 SV=2",0.0114634841855553,0.226380428550126,0.243141542697293,0.426312107429307,0.383224946135633,1.87778400716757,0.313183244416463,0.0245508139369629,0.605959274309097,0.737011698257468,0.681814738013093,0.778175427544367,2.54907349159064,0.709413218135281,"HSPA9",0.0180071490612591,"Background",""
"44","Q06830","Peroxiredoxin-1 OS=Homo sapiens OX=9606 GN=PRDX1 PE=1 SV=1",0.0773473947423521,0.0113680959699772,0.363267332595748,0.398059086412533,0.37436188437022,3.17876241038824,0.368814608482984,0.0907695389262577,0.904637579584647,0.583715410564448,0.704164228035546,0.68748518781873,3.38136189526475,0.695824707927138,"PRDX1",0.0840584668343049,"Random hit",""
"45","P08670","Vimentin OS=Homo sapiens OX=9606 GN=VIM PE=1 SV=4",0.00490078765727982,0.0313646357413529,0.00422783025926151,0.0301513857841516,0.0178983097796443,24.8301733925657,0.0240248477818979,0.066328557776099,0.986473943372528,0.963149061585775,0.956347492000301,0.96754911030852,23.7811792780081,0.965349085947147,"VIM",0.0356146727166894,"Random hit",""
"46","P12236","ADP/ATP translocase 3 OS=Homo sapiens OX=9606 GN=SLC25A6 PE=1 SV=4",0.0254384182376446,0.126547020523571,0.43591659664487,0.481398913281438,0.430668621849326,0.458794623619621,0.433292609247098,0.0328832494149195,0.775663857487951,0.598425576506878,0.664826370366898,0.671041687285406,1.6776288094507,0.667934028826152,"SLC25A6",0.029160833826282,"Background",""
"47","Q01469","Fatty acid-binding protein 5 OS=Homo sapiens OX=9606 GN=FABP5 PE=1 SV=3",0.129853739847214,0.360425177040544,0.402492948024446,0.268255819335074,0.773798354732716,-0.727764308196829,0.381459062532495,0.081363410362734,0.535395835391328,0.734594381625169,0.448439176829609,0.18892238918924,-0.708691548704107,0.491917506110468,"FABP5",0.105608575104974,"Background",""
"48","A0A087X0X3","Heterogeneous nuclear ribonucleoprotein M OS=Homo sapiens OX=9606 GN=HNRNPM PE=1 SV=1",0.0571243529409874,0.924467569252093,0.412207663557663,0.399946575289254,0.673055034304344,0.301943452019028,0.542631348931003,0.0251176876016836,0.100013456098642,0.535671284633002,0.513903129426668,0.390025565680412,0.792264342012766,0.45196434755354,"HNRNPM",0.0411210202713355,"Background",""
"49","O43278","Kunitz-type protease inhibitor 1 OS=Homo sapiens OX=9606 GN=SPINT1 PE=1 SV=2",0.0305729738210723,0.0420991500488009,0.0821385154045021,0.104183930681833,0.148413122183654,16.9557187697565,0.0931612230431674,0.283622646210672,0.970035714897579,0.876423751159349,0.973267007712092,0.967483025257762,21.3269610437771,0.96875937007767,"SPINT1",0.157097810015872,"Random hit",""
"50","O75400","Pre-mRNA-processing factor 40 homolog A OS=Homo sapiens OX=9606 GN=PRPF40A PE=1 SV=2",0.369317486443872,1,0.980258072332465,0.962089910773097,0.974957660569573,27.4991952606815,0.977607866451019,0.0131100152582837,0.0378053772702025,0.0972997819744206,0.0618392603047941,0.0572733243343048,23.9629281554288,0.0595562923195495,"PRPF40A",0.191213750851078,"Random hit",""
"51","P35232","Prohibitin OS=Homo sapiens OX=9606 GN=PHB PE=1 SV=1",0.0179550122692465,0.0193615263096996,0.38867843784866,0.376829354608,0.44191129200561,2.35178018239758,0.38275389622833,0.0182608696416202,0.663210177643714,0.665402070772073,0.658474189596625,0.610924731468052,0.82362337463959,0.66084218362017,"PHB",0.0181079409554334,"Background",""
"52","P14618","Pyruvate kinase PKM OS=Homo sapiens OX=9606 GN=PKM PE=1 SV=4",0.026705837128704,0.0267429871122609,0.111046451158111,0.190905862034362,0.11909826435719,15.2575465346578,0.11507235775765,0.134113026241485,0.874136974491542,0.7903509439445,0.922127455597537,0.906407193285424,13.9189698839287,0.890272083888483,"PKM",0.0804094316850945,"Random hit",""
"53","O75533","Splicing factor 3B subunit 1 OS=Homo sapiens OX=9606 GN=SF3B1 PE=1 SV=3",0.029959887778368,0.0632144703936329,0.0344824114734182,0.0383485924558572,0.0620577265434328,21.5920894721409,0.050203159499645,0.490166535254018,0.86245684911351,0.991856266855763,0.896215389627911,0.921127426624089,18.2412655742087,0.908671408126,"SF3B1",0.260063211516193,"Random hit",""
"54","P52597","Heterogeneous nuclear ribonucleoprotein F OS=Homo sapiens OX=9606 GN=HNRNPF PE=1 SV=3",0.0114133398982602,0.407355228081238,0.214367460030732,0.231796496056071,0.277171527510184,3.37426651842548,0.254484011783127,0.0281497825435819,0.637667273222847,0.612067405653727,0.530131165800165,0.63398061907457,-0.16519516870639,0.623024012364149,"HNRNPF",0.019781561220921,"Background",""
"55","Q5QNW6","Histone H2B type 2-F OS=Homo sapiens OX=9606 GN=H2BC18 PE=1 SV=3",0.15263167377079,0.213243549216753,0.227188238175583,0.21378529194053,0.23079676631287,6.71180459394849,0.220486765058056,0.923121102479997,0.85719538419928,0.798855997841203,0.642796530883367,0.745094930246832,5.53064197772891,0.771975464044018,"H2BC18",0.537876388125394,"Random hit",""
"56","F8VVM2","Phosphate carrier protein, mitochondrial OS=Homo sapiens OX=9606 GN=SLC25A3 PE=1 SV=1",0.0225034334467172,0.318208682545774,0.191838941389379,0.332981595673721,0.544938998622779,1.01268550687033,0.325595139109748,0.0401617655263487,0.788931524614949,0.740469007174121,0.616680612791763,0.79667450718884,4.14932389831691,0.764700265894535,"SLC25A3",0.031332599486533,"Background",""
"57","P69905","Hemoglobin subunit alpha OS=Homo sapiens OX=9606 GN=HBA1 PE=1 SV=2",0.164967454455385,0.326369465442903,0.361466128423154,0.499402523222023,0.558283018920637,-0.611091076299118,0.430434325822589,0.200351430447519,0.425599717184137,0.61116057310161,0.664461240432402,0.564519863649415,-0.629799109944775,0.587840218375513,"HBA1",0.182659442451452,"Background",""
"58","Q14126","Desmoglein-2 OS=Homo sapiens OX=9606 GN=DSG2 PE=1 SV=2",0.0134737560271576,0.113207529903716,0.202339808589876,0.309569652048437,0.293529325676482,6.1853561688162,0.247934567133179,0.0364240770308119,0.613967725490041,0.795014712653317,0.789536945820323,0.774471411226343,4.54222253454459,0.782004178523333,"DSG2",0.0249489165289848,"Random hit",""
"59","Q6ZVX7","F-box only protein 50 OS=Homo sapiens OX=9606 GN=NCCRP1 PE=1 SV=1",0.0247140636274353,0.0801351337056742,0.219274811142583,0.15836886343898,0.194116304373788,10.8586699289934,0.176242583906384,0.0476913438395838,0.737868183546493,0.629472386286049,0.686404722948202,0.558329289312801,0.918884007380289,0.657938554617125,"NCCRP1",0.0362027037335095,"Background",""
"60","Q12906","Interleukin enhancer-binding factor 3 OS=Homo sapiens OX=9606 GN=ILF3 PE=1 SV=3",0.0451910064865553,0.930665069952722,0.95257367214759,0.517893951977723,0.903559998476751,11.7122281720354,0.917112534214737,0.0147236109428692,0.162500083230908,0.350002004171372,0.231379659852537,0.209209549395571,7.70368054411365,0.220294604624054,"ILF3",0.0299573087147123,"Random hit",""
"61","Q01085","Nucleolysin TIAR OS=Homo sapiens OX=9606 GN=TIAL1 PE=1 SV=1",0.0203432407164397,0.595401135878546,0.0826498829657843,0.271773017987378,0.257339592456497,2.54162753031715,0.264556305221938,0.103012473187807,0.436083268105765,0.717584590193385,0.535701770892555,0.660189802185971,-0.400981868298,0.597945786539263,"TIAL1",0.0616778569521235,"Background",""
"62","F8W8I6","Nucleolysin TIA-1 isoform p40 OS=Homo sapiens OX=9606 GN=TIA1 PE=1 SV=1",0.0933693412588807,0.974436381736492,0.923081909904482,0.981744263280945,0.971825521336454,25.5056112279721,0.973130951536473,0.0124580857743113,0.149637123727479,0.263488489383639,0.211920093454043,0.185785171545562,10.3250154982757,0.198852632499802,"TIA1",0.052913713516596,"Random hit",""
"63","P61978","Heterogeneous nuclear ribonucleoprotein K OS=Homo sapiens OX=9606 GN=HNRNPK PE=1 SV=1",0.0142502899574922,0.507739529698672,0.182225269861369,0.310827782680261,0.313585477173833,1.57479918411711,0.312206629927047,0.0109792301712429,0.406887213983487,0.77793081981095,0.356250530654937,0.61099075026406,-0.809318854733726,0.508938982123774,"HNRNPK",0.0126147600643676,"Background",""
"64","Q9Y230","RuvB-like 2 OS=Homo sapiens OX=9606 GN=RUVBL2 PE=1 SV=3",0.00945113120759882,0.559881007210711,0.139921414861292,0.391233250204876,0.458974708474562,0.0644754536836465,0.425103979339719,0.00839514251945844,0.639541685001959,0.371315259057604,0.487551663221956,0.354965922183565,-0.595425998673481,0.42943346113978,"RUVBL2",0.00892313686352863,"Background",""
"65","Q00839","Heterogeneous nuclear ribonucleoprotein U OS=Homo sapiens OX=9606 GN=HNRNPU PE=1 SV=6",0.0323788450684044,0.245298582967763,0.310727909730871,0.341143025993673,0.306980226485323,2.58845784951027,0.308854068108097,0.155029400853577,0.700267309976011,0.562477463512992,0.542960377680028,0.576539289483082,-0.287586644934355,0.569508376498037,"HNRNPU",0.0937041229609909,"Background",""
"66","P62269","40S ribosomal protein S18 OS=Homo sapiens OX=9606 GN=RPS18 PE=1 SV=3",0.169908906571951,0.605307175581261,0.522556877503325,0.529542988893597,0.591058189770968,-0.382646369806636,0.560300589332283,0.0827012113792685,0.502811396669416,0.517355729093243,0.464526588574437,0.554927562805752,-0.844848911143429,0.510083562881329,"RPS18",0.12630505897561,"Background",""
"67","A0A5F9ZHM4","L-lactate dehydrogenase OS=Homo sapiens OX=9606 GN=LDHB PE=1 SV=1",0.0141797247957322,1,0.0316581569167759,0.144569049973162,0.639943580867426,-0.746748637030378,0.392256315420294,0.243830594048609,0.944074326946679,0.948733768095732,0.975365640720222,0.979952774947033,23.0473762956422,0.962049704407977,"LDHB",0.129005159422171,"Background",""
"68","A0A0A0MR02","Outer mitochondrial membrane protein porin 2 (Fragment) OS=Homo sapiens OX=9606 GN=VDAC2 PE=1 SV=1",0.0437563802001041,0.364169630023773,0.451369537276345,0.361240707350535,0.440814605199212,-0.220966183871983,0.402492117611492,0.0480492824338215,0.596181858892212,0.505050946923952,0.460184425838027,0.432915217636558,-0.819937143838704,0.48261768638099,"VDAC2",0.0459028313169628,"Background",""
"69","P62249","40S ribosomal protein S16 OS=Homo sapiens OX=9606 GN=RPS16 PE=1 SV=2",0.0890098900019891,0.545131466882027,0.396921004007695,0.534450957486576,0.540714277406144,-0.828932204018507,0.53758261744636,0.0403206233098393,0.50842467181459,0.545341825256495,0.383441715970834,0.47064204367456,-0.708900760126645,0.489533357744575,"RPS16",0.0646652566559142,"Background",""
"70","P04075","Fructose-bisphosphate aldolase A OS=Homo sapiens OX=9606 GN=ALDOA PE=1 SV=2",0.0519643915805742,0.38986179398948,0.724260981234321,0.519456140477557,0.339147939468594,-0.847456585265416,0.454658967233518,0.0704157881766939,0.943558976094601,0.989541571476578,0.871940038116803,0.922954603409178,19.7182299027773,0.93325678975189,"ALDOA",0.0611900898786341,"Background",""
"71","P04040","Catalase OS=Homo sapiens OX=9606 GN=CAT PE=1 SV=3",0.0631334579113038,0.328854834212384,0.286079269834842,0.255959430360155,0.294486167543482,2.99320585993033,0.290282718689162,0.0300971516055488,0.610434788279026,0.755250769838149,0.548597174217448,0.526588828247112,-0.0508763774185823,0.579515981248237,"CAT",0.0466153047584263,"Background",""
"72","P84243","Histone H3.3 OS=Homo sapiens OX=9606 GN=H3-3A PE=1 SV=2",0.0841099231378437,0.167521465724466,0.0811951333799756,0.285776709850404,0.29991328674297,7.52216469119574,0.226649087787435,0.313366500647083,0.846643047296977,0.842887840963772,0.600709743238943,0.76071124746371,5.62968587333538,0.801799544213741,"H3-3A",0.198738211892463,"Random hit",""
"73","P00558","Phosphoglycerate kinase 1 OS=Homo sapiens OX=9606 GN=PGK1 PE=1 SV=3",0.0709377782000991,0.627900593406311,0.487755505540747,0.268112405157172,0.670672862871902,-0.797313056149852,0.557828049473529,0.0670637507875974,0.388371042574076,0.755947753044087,0.444004274300555,0.235647754527855,-0.520592821897469,0.416187658437315,"PGK1",0.0690007644938482,"Background",""
"74","P31947","14-3-3 protein sigma OS=Homo sapiens OX=9606 GN=SFN PE=1 SV=1",0.112019747851111,0.530210623768275,0.564806277122117,0.477251841230257,0.48952003246306,-0.789114638734053,0.509865328115668,0.183331290899154,0.587312266078651,0.415718587920361,0.47371374270536,0.416525944948925,-0.681853429087611,0.445119843827142,"SFN",0.147675519375132,"Background",""
"75","P00338","L-lactate dehydrogenase A chain OS=Homo sapiens OX=9606 GN=LDHA PE=1 SV=2",0.0153323482974434,0.221650902569593,0.16176190603936,0.24914372644414,0.192665658982291,7.68455598021024,0.207158280775942,0.0562374954331201,1,1,1,1,27.5918444019543,1,"LDHA",0.0357849218652817,"Random hit",""
"76","P49411","Elongation factor Tu, mitochondrial OS=Homo sapiens OX=9606 GN=TUFM PE=1 SV=2",0.0185576274930414,0.650305420480627,0.570636010578719,0.459833638051935,0.515208669558123,-0.537513280257382,0.542922340068421,0.00781446924911985,0.245335639341612,0.460237878082222,0.327068539348129,0.304614831884372,2.48521003594333,0.315841685616251,"TUFM",0.0131860483710806,"Background",""
"77","P23396","40S ribosomal protein S3 OS=Homo sapiens OX=9606 GN=RPS3 PE=1 SV=2",0.0283606898833027,0.0370952081156347,0.280915958655482,0.457354185981315,0.366350319345679,3.23863020447907,0.32363313900058,0.037047541549686,0.758954063224316,0.620735465352844,0.678914501802073,0.624575713440662,1.45464390660885,0.651745107621367,"RPS3",0.0327041157164944,"Background",""
"78","P58107","Epiplakin OS=Homo sapiens OX=9606 GN=EPPK1 PE=1 SV=3",0.00210142706781376,0.170390736748253,0.10525571177937,0.0870028347155617,0.0420125992854133,16.2799603528203,0.0961292732474658,0.010708972874226,0.942036171155353,0.822598275738872,0.928280884207531,0.772131598228178,13.2866416462141,0.875439579973202,"EPPK1",0.0064051999710199,"Random hit",""
"79","Q9H0U4","Ras-related protein Rab-1B OS=Homo sapiens OX=9606 GN=RAB1B PE=1 SV=1",0.018001033476528,0.302780909116307,0.309906246060824,0.450600699251579,0.318320752891183,1.06118089598311,0.314113499476004,0.0342053351000191,0.658397389192359,0.496459919036707,0.548621277384094,0.576425788874415,-0.596861574515621,0.562523533129254,"RAB1B",0.0261031842882736,"Background",""
"80","A0A087WVQ6","Clathrin heavy chain OS=Homo sapiens OX=9606 GN=CLTC PE=1 SV=1",0.00246175707088256,0.198095018879989,0.646134870168517,0.374519697430784,0.533610266409418,-0.627066511952489,0.454064981920101,0.00467409387249856,0.672006430572389,0.904356084411183,0.57099244839199,1,7.10921718714795,0.788181257491786,"CLTC",0.00356792547169056,"Background",""
"81","P14625","Endoplasmin OS=Homo sapiens OX=9606 GN=HSP90B1 PE=1 SV=1",0.016898017055037,0.307859391946751,0.503923596590827,0.459435846713808,0.624598371761164,-0.829824763216472,0.481679721652317,0.026712521147404,0.748265937492416,0.616405473240984,0.282273136249476,0.617384114244095,-0.633594283104499,0.61689479374254,"HSP90B1",0.0218052691012205,"Background",""
"82","P07900","Heat shock protein HSP 90-alpha OS=Homo sapiens OX=9606 GN=HSP90AA1 PE=1 SV=5",0.0122906146745712,0.0395040520454766,0.218762290112656,0.411644483477607,0.190562056397346,7.08334616912779,0.204662173255001,0.0407874594696358,0.936780364496213,0.755226686273843,0.811337473847682,0.959102776339916,13.224538434216,0.874058919171948,"HSP90AA1",0.0265390370721035,"Random hit",""
"83","Q02878","60S ribosomal protein L6 OS=Homo sapiens OX=9606 GN=RPL6 PE=1 SV=3",0.0354592991768606,0.904173708641405,0.942914471175938,0.90961398830859,1,22.7828617885947,0.926264229742264,0.00567347572248137,0.0253344952501033,0.080802131915588,0.0403601222619604,0.0111643789301296,26.8569989742915,0.0328473087560319,"RPL6",0.020566387449671,"Random hit",""
"84","P13639","Elongation factor 2 OS=Homo sapiens OX=9606 GN=EEF2 PE=1 SV=4",0.0234761465618062,0.062399374783142,0.0231941428407012,0.0549229977903406,0.0118088198191935,22.8610124652698,0.0390585703155209,0.71070624610374,0.991324274542054,0.997029789460944,0.879239750446094,0.99916303819896,23.5761035903777,0.994177032001499,"EEF2",0.367091196332773,"Random hit",""
"85","P53985","Monocarboxylate transporter 1 OS=Homo sapiens OX=9606 GN=SLC16A1 PE=1 SV=3",0.128156798789185,0.98794622530364,1,1,0.963179785550885,28.5431244955906,0.99397311265182,0.0106775215663036,0.137530390553703,0.148092380304375,0.12676004658093,0.0542358460581815,18.1344552741282,0.132145218567317,"SLC16A1",0.0694171601777445,"Random hit",""
"86","P06733","Alpha-enolase OS=Homo sapiens OX=9606 GN=ENO1 PE=1 SV=2",0.0226617860750589,0.0724718520283916,0.10001017463775,0.236546770495599,0.132664106958701,13.1449119223568,0.116337140798225,0.121113332641158,0.983451940347456,0.824710207801482,0.897538822077676,0.859652262796139,15.6006408339476,0.878595542436908,"ENO1",0.0718875593581083,"Random hit",""
"87","P62937","Peptidyl-prolyl cis-trans isomerase A OS=Homo sapiens OX=9606 GN=PPIA PE=1 SV=2",0.191914439288696,0.595978870534766,0.497466291904831,0.516636698171182,0.50616160684547,-0.711206175850334,0.511399152508326,0.296436267580195,0.425687593463738,0.701240715693697,0.386103893782814,0.587497488756564,-0.842809150418872,0.506592541110151,"PPIA",0.244175353434446,"Background",""
"88","P62701","40S ribosomal protein S4, X isoform OS=Homo sapiens OX=9606 GN=RPS4X PE=1 SV=2",0.0168572149773426,0.0687253635531577,0.357051519366416,0.428942823662466,0.445298578025686,1.69103905384514,0.392997171514441,0.022339136631772,0.473739732790817,0.577387741768797,0.489389049680291,0.561053311190684,-0.842408261443205,0.525221180435488,"RPS4X",0.0195981758045573,"Background",""
"89","Q9NZT1","Calmodulin-like protein 5 OS=Homo sapiens OX=9606 GN=CALML5 PE=1 SV=2",0.0570021864959434,0.081401630223461,0.25778465539586,0.0309900313966132,0.135979138344104,13.9196446221287,0.108690384283782,0.0876878546478858,0.735933226445073,0.559346027494497,0.735628061000873,0.514868357397087,0.490947633045797,0.647487044247685,"CALML5",0.0723450205719146,"Background",""
"90","P11279","Lysosome-associated membrane glycoprotein 1 OS=Homo sapiens OX=9606 GN=LAMP1 PE=1 SV=3",0.237007004338906,0.777600484885296,0.890183490802276,0.788646344429008,0.830469006993287,11.4037917729776,0.809557675711148,0.0340891757627967,0.168503698820402,0.153468961424496,0.208347404323884,0.148140180125865,13.0866198852811,0.160986330122449,"LAMP1",0.135548090050851,"Random hit",""
"91","P62277","40S ribosomal protein S13 OS=Homo sapiens OX=9606 GN=RPS13 PE=1 SV=2",0.152940230819281,0.506446089735205,0.471751138469753,0.573580945282385,0.529854254293525,-0.764483500066498,0.518150172014365,0.0721958489171268,0.679157318550581,0.469510607309383,0.503284134546388,0.482547376761785,-0.823948165697645,0.492915755654087,"RPS13",0.112568039868204,"Background",""
"92","P62913","60S ribosomal protein L11 OS=Homo sapiens OX=9606 GN=RPL11 PE=1 SV=2",0.0584184689874781,0.346758394089898,0.394437217869205,0.465049255533642,0.595391826375519,-0.721829276215358,0.429743236701424,0.111626250794869,0.744890941980514,0.67605205518193,0.629969579327862,0.697914048248561,2.02451777515768,0.686983051715245,"RPL11",0.0850223598911737,"Background",""
"93","P27482","Calmodulin-like protein 3 OS=Homo sapiens OX=9606 GN=CALML3 PE=1 SV=2",0.0368819681241625,0.109189584370715,0.339000389142886,0.275527209350464,0.291258927327606,4.80763526510701,0.283393068339035,0.0450360428647773,0.870890774945332,0.699990852758308,0.570688396157433,0.47425997383623,0.940452677890352,0.635339624457871,"CALML3",0.0409590054944699,"Background",""
"94","Q01650","Large neutral amino acids transporter small subunit 1 OS=Homo sapiens OX=9606 GN=SLC7A5 PE=1 SV=2",0.0714287748723641,1,0.887871256041661,1,0.9708864009203,25.7269083125469,0.98544320046015,0.0590593056818939,1,0.899808374510618,1,1,24.5450488316254,1,"SLC7A5",0.065244040277129,"Stable interactor","SLC7A5"
"95","O43240","Kallikrein-10 OS=Homo sapiens OX=9606 GN=KLK10 PE=1 SV=3",0.650397353196169,0.847687622154332,0.893427015434856,0.931359581513602,0.85453262365206,16.7651881075165,0.873979819543458,0.0264934010101511,0.193053665442496,0.046624678659122,0.0918361304961234,0.0902043107687573,19.2984069283648,0.0910202206324403,"KLK10",0.33844537710316,"Random hit",""
"96","P40926","Malate dehydrogenase, mitochondrial OS=Homo sapiens OX=9606 GN=MDH2 PE=1 SV=3",0.0104732586881972,0.0704723139050135,0.132221432608397,0.209541604834565,0.185052987938787,11.9666363551609,0.158637210273592,0.0470198425048454,0.859202480512416,0.820554867711457,0.821070837834803,0.834756692649439,10.5728919614325,0.827913765242121,"MDH2",0.0287465505965213,"Random hit",""
"97","P22223","Cadherin-3 OS=Homo sapiens OX=9606 GN=CDH3 PE=1 SV=2",0.007898185128913,1,1,1,1,30.0844364088701,1,0.0174761559026565,0.961004275038618,1,0.555071496708695,1,14.3711803135783,0.980502137519309,"CDH3",0.0126871705157848,"Stable interactor","CDH3"
"98","P06702","Protein S100-A9 OS=Homo sapiens OX=9606 GN=S100A9 PE=1 SV=1",0.0276999404344577,0.00466789054187766,0.182676518923746,0.0164997134607981,0.0614667435961224,19.774803183414,0.0389832285284603,0.17399248947458,0.97535576103075,0.9485274919461,0.768800765199539,0.736703669659687,12.4952424209224,0.858664128572819,"S100A9",0.100846214954519,"Random hit",""
"99","A0A087WTT1","Polyadenylate-binding protein OS=Homo sapiens OX=9606 GN=PABPC1 PE=1 SV=1",0.0315891863883632,1,0.753693850286157,0.611292092631957,0.261340158329979,1.79795383235851,0.682492971459057,0.00680892826783685,0.307472708699934,0.0598265171378596,0.557725674068957,0.247292126985275,4.37250893182578,0.277382417842605,"PABPC1",0.0191990573281,"Background",""
"100","P62244","40S ribosomal protein S15a OS=Homo sapiens OX=9606 GN=RPS15A PE=1 SV=2",0.0454923558323079,0.28950078680273,0.803682597206609,0.408239057562273,1,0.843279870939238,0.605960827384441,0.0182606768540348,0.148104915458812,0.782506434203826,0.186077866720651,0.162000496664452,3.06691070388392,0.174039181692552,"RPS15A",0.0318765163431714,"Background",""
"101","P35658","Nuclear pore complex protein Nup214 OS=Homo sapiens OX=9606 GN=NUP214 PE=1 SV=2",0.0166881791870295,0.555448414684621,0.891110751189089,0.573590911904034,0.742161729346792,3.1571294034813,0.657876320625413,0.00363586007135203,0.288096819291753,0.423529918698978,0.317213912212906,0.384012698330559,1.77513741219044,0.350613305271732,"NUP214",0.0101620196291908,"Background",""
"102","P78527","DNA-dependent protein kinase catalytic subunit OS=Homo sapiens OX=9606 GN=PRKDC PE=1 SV=3",0.0716615127293799,1,0.813839591617793,1,1,24.394046042072,1,0.00344727122772053,0.107199506237812,0.159211496862426,0.231324816683897,0.0579941150880115,15.9095845653647,0.133205501550119,"PRKDC",0.0375543919785502,"Random hit",""
"103","P02768","Albumin OS=Homo sapiens OX=9606 GN=ALB PE=1 SV=2",0.00673639406064689,0.0137849566912947,0.00647440717632784,0.0176770723866415,0.0183775935511192,25.6344452391492,0.0157310145389681,1.19733079146105,0.994147579994148,0.999798530793356,0.998703525428661,0.998621220707187,27.3204944739774,0.998662373067924,"ALB",0.60203359276085,"Random hit",""
"104","Q92945","Far upstream element-binding protein 2 OS=Homo sapiens OX=9606 GN=KHSRP PE=1 SV=4",0.00841033210981431,0.0176355396535277,0.0346664859145179,0.0902179195116012,0.0912212508988305,20.6240766006958,0.0624422027130595,0.117164712255136,0.928026533404069,0.840145195856958,0.907465656696842,0.911427298108821,16.1295886754933,0.909446477402831,"KHSRP",0.0627875221824753,"Random hit",""
"105","P26373","60S ribosomal protein L13 OS=Homo sapiens OX=9606 GN=RPL13 PE=1 SV=4",0.0332157493239641,0.464108536518404,0.442614856394142,0.494500982164625,0.566027373392001,-0.848275805731801,0.479304759341514,0.0495353786012274,0.557924204612964,0.559425869548646,0.657860274234807,0.484518828091364,-0.642885379368927,0.558675037080805,"RPL13",0.0413755639625958,"Background",""
"106","Q14677","Clathrin interactor 1 OS=Homo sapiens OX=9606 GN=CLINT1 PE=1 SV=1",0.230829139443983,0.60342227230908,0.699900473317208,0.643222932014451,0.690929414716432,1.92308418907692,0.667076173365442,0.062465351407354,0.223251569648382,0.288245419625138,0.313004558799604,0.292290871323795,5.15203338395026,0.290268145474466,"CLINT1",0.146647245425668,"Background",""
"107","H0Y8G5","Heterogeneous nuclear ribonucleoprotein D0 (Fragment) OS=Homo sapiens OX=9606 GN=HNRNPD PE=1 SV=8",0.0372219131010908,0.334249738878415,0.198021002624026,0.418823824275763,0.548563276430169,0.319471789456015,0.376536781577089,0.0927865208441195,0.504403533782312,0.53725890168624,0.503777431506291,0.495308673093557,-0.845180626265886,0.504090482644301,"HNRNPD",0.0650042169726051,"Background",""
"108","Q13148","TAR DNA-binding protein 43 OS=Homo sapiens OX=9606 GN=TARDBP PE=1 SV=1",0.0238328387390686,0.792822326803913,0.387813362934001,0.390979808437181,0.59220106821565,-0.617035781943536,0.491590438326416,0.0243004271150071,0.552762284534484,0.542872242354608,0.513878484087502,0.382919358391721,-0.818400091517018,0.528375363221055,"TARDBP",0.0240666329270379,"Background",""
"109","E7EQB2","Lactotransferrin (Fragment) OS=Homo sapiens OX=9606 GN=LTF PE=1 SV=1",0.00578389645839588,0.0343476788312016,0.217949342297913,0.0782564822524387,0.0589413260420005,16.638291585443,0.0685989041472196,0.16746055592433,0.900729887153917,0.770743217379804,0.971438608914119,0.818589479567316,13.2064313871625,0.859659683360616,"LTF",0.0866222261913632,"Random hit",""
"110","O43175","D-3-phosphoglycerate dehydrogenase OS=Homo sapiens OX=9606 GN=PHGDH PE=1 SV=4",0.0222762703166667,0.553707549799038,0.497588684881336,0.876746560212059,0.754476999444071,2.330983543149,0.654092274621554,0.0131588956227736,0.590531309579397,0.608882883984073,0.646702543957871,0.360999939520368,-0.740739841557683,0.599707096781735,"PHGDH",0.0177175829697201,"Background",""
"111","J3KRX5","60S ribosomal protein L17 (Fragment) OS=Homo sapiens OX=9606 GN=RPL17 PE=1 SV=1",0.0522441280162777,0.423615450996797,0.337899565158258,0.0491861812583858,0.452662137360207,2.01064435445277,0.380757508077528,0.155932294485059,0.573888534997298,0.980518432172355,0.709046038255298,0.678280491903633,4.12309598129664,0.693663265079466,"RPL17",0.104088211250668,"Background",""
"112","P31151","Protein S100-A7 OS=Homo sapiens OX=9606 GN=S100A7 PE=1 SV=4",0.0615215767475715,0.0321460092656126,0.231585522647438,0.0216702558571977,0.119078920346189,16.2719769540078,0.075612464805901,0.183847803814705,0.907223435878577,0.910533873309157,0.880663454052295,0.915989462001383,16.802421679957,0.908878654593867,"S100A7",0.122684690281138,"Random hit",""
"113","P61353","60S ribosomal protein L27 OS=Homo sapiens OX=9606 GN=RPL27 PE=1 SV=2",0.073235473782176,0.29321889438665,0.365483605225761,0.458473589276305,0.38808893162498,0.291488335602434,0.37678626842537,0.124194196690122,0.629145407540507,0.684702419284237,0.769954715627014,0.749420423170541,2.86620539383338,0.717061421227389,"RPL27",0.0987148352361491,"Background",""
"114","P46781","40S ribosomal protein S9 OS=Homo sapiens OX=9606 GN=RPS9 PE=1 SV=3",0.0406072574402387,0.258428082422316,0.401891445821486,0.432522796886201,0.445817745920594,0.121130239523615,0.417207121353844,0.0647251599359677,0.695685953729591,0.611010840553953,0.68986623227104,0.645450263429413,1.13519862948763,0.667658247850227,"RPS9",0.0526662086881032,"Background",""
"115","P61626","Lysozyme C OS=Homo sapiens OX=9606 GN=LYZ PE=1 SV=1",0.37425361296238,0.858411481098453,0.33792655131354,0.663385986931897,0.508080938032942,0.0918123967513473,0.58573346248242,0.12980208274749,0.720426013096972,0.822377044232897,1,0.918982555294178,13.2020138208984,0.870679799763538,"LYZ",0.252027847854935,"Unstable interactor",""
"116","P22735","Protein-glutamine gamma-glutamyltransferase K OS=Homo sapiens OX=9606 GN=TGM1 PE=1 SV=4",0.00502020939564137,0.0774199500793974,0.0715918851709321,0.0565263424561563,0.0104191860233207,21.1043369249936,0.0640591138135442,0.0233471466818619,0.896264540147591,0.968809346989723,0.825237776656817,0.812917261965185,14.1481597625383,0.860751158402204,"TGM1",0.0141836780387516,"Random hit",""
"117","P51991","Heterogeneous nuclear ribonucleoprotein A3 OS=Homo sapiens OX=9606 GN=HNRNPA3 PE=1 SV=2",0.0413426259253506,0.391228413769457,0.695693601807889,0.724773607328237,0.603945066159686,0.338893464860063,0.649819333983788,0.0782274341097012,0.664321398463811,0.519677268399555,0.644956811359024,0.650091903188843,0.129025255909245,0.647524357273934,"HNRNPA3",0.0597850300175259,"Background",""
"118","Q15717","ELAV-like protein 1 OS=Homo sapiens OX=9606 GN=ELAVL1 PE=1 SV=2",0.0136872740049573,0.303588004694615,0.0661522644463799,0.366279718701532,0.436246329317337,2.90908135991468,0.334933861698074,0.043195435280132,0.58125340216382,0.483797790776854,0.494249752211995,0.555321020203463,-0.83651424796104,0.524785386207729,"ELAVL1",0.0284413546425447,"Background",""
"119","Q15029","116 kDa U5 small nuclear ribonucleoprotein component OS=Homo sapiens OX=9606 GN=EFTUD2 PE=1 SV=1",0.00276422226053803,0.146670951580916,0.533167793292092,0.691304779690484,0.354608111252807,-0.564799850559297,0.443887952272449,0.00253215323840965,0.618613896451734,0.341775554246324,0.461830471765333,0.445671992140918,-0.629002945456328,0.453751231953125,"EFTUD2",0.00264818774947384,"Background",""
"120","Q13838","Spliceosome RNA helicase DDX39B OS=Homo sapiens OX=9606 GN=DDX39B PE=1 SV=1",0.0106150921489716,1,0.179651199972433,0.223850263965845,1,0.25192376318393,0.611925131982922,0.0521888440256357,0.779547655350278,0.808918508548645,0.83064653644605,0.674628257395383,6.28302466600339,0.794233081949462,"DDX39B",0.0314019680873036,"Unstable interactor",""
"121","P09758","Tumor-associated calcium signal transducer 2 OS=Homo sapiens OX=9606 GN=TACSTD2 PE=1 SV=3",0.0170396481968119,1,1,0.516023986559014,0.985088886812469,16.0382163181215,0.992544443406234,0.0109025808945619,0.589146667342951,1,0.792893747836753,0.687445510281577,5.89177079686085,0.740169629059165,"TACSTD2",0.0139711145456869,"Stable interactor","TACSTD2"
"122","P62280","40S ribosomal protein S11 OS=Homo sapiens OX=9606 GN=RPS11 PE=1 SV=3",0.0248672051798694,0.689169303647147,0.497089879723071,0.369283149394536,0.679553316354805,-0.426134754122757,0.588321598038938,0.00877162580431305,0.697126845025355,0.398395790367579,0.634782723487551,0.359182772551804,-0.846200377121513,0.516589256927565,"RPS11",0.0168194154920912,"Background",""
"123","P23246","Splicing factor, proline- and glutamine-rich OS=Homo sapiens OX=9606 GN=SFPQ PE=1 SV=2",0.00433768580781879,0.338826239792925,0.287910666290745,0.194765043050156,0.166193685054711,5.18298576346552,0.24133785467045,0.0126420400036363,0.952942696933329,0.949120807005286,0.708951087024279,0.834070942647954,12.837568466949,0.89159587482662,"SFPQ",0.00848986290572752,"Random hit",""
"124","P26599","Polypyrimidine tract-binding protein 1 OS=Homo sapiens OX=9606 GN=PTBP1 PE=1 SV=1",0.0239122444973783,0.754602670253032,0.668852587773284,0.704278909247203,0.745764877403067,4.50576004999633,0.725021893325135,0.00760319153859981,0.245860968794064,0.557385064505665,0.297111974333674,0.406208708945729,1.02497027472773,0.351660341639702,"PTBP1",0.0157577180179891,"Background",""
"125","P13073","Cytochrome c oxidase subunit 4 isoform 1, mitochondrial OS=Homo sapiens OX=9606 GN=COX4I1 PE=1 SV=1",0.0456257639112171,0.54236968693484,0.367481561745094,0.379431412652201,0.433703742989957,-0.556389392960914,0.406567577821079,0.0615340052136853,0.601445305330888,0.506629662714581,0.576178832325394,0.656671776340781,-0.4279866628964,0.588812068828141,"COX4I1",0.0535798845624512,"Background",""
"126","A2NJV5","Immunoglobulin kappa variable 2-29 OS=Homo sapiens OX=9606 GN=IGKV2-29 PE=3 SV=2",0.0512666617516661,0.10900917029699,0.092346541728524,0.0731591645393254,0.0790702416876465,17.5321614180761,0.0857083917080853,0.492658672411208,1,1,0.9210631689842,1,25.1787868239462,1,"IGKV2-29",0.271962667081437,"Random hit",""
"127","M0R0F0","40S ribosomal protein S5 (Fragment) OS=Homo sapiens OX=9606 GN=RPS5 PE=1 SV=1",0.0179233582438677,0.0591869305020023,0.39598124556421,0.189960719614257,0.072821955381794,9.56287385916332,0.131391337498026,0.0592802336795226,0.963260497467831,0.795688930315228,0.68759587952131,0.896643505998132,10.7060337103321,0.84616621815668,"RPS5",0.0386017959616952,"Random hit",""
"128","P07099","Epoxide hydrolase 1 OS=Homo sapiens OX=9606 GN=EPHX1 PE=1 SV=1",0.0222892838136355,0.180761029551288,0.0848436210425607,0.05098650504453,0.0602711303910114,16.9520226328042,0.0725573757167861,0.195123541528612,0.823327895971826,0.707945938606701,0.834880095070306,0.813357543964784,7.6824006786984,0.818342719968305,"EPHX1",0.108706412671124,"Random hit",""
"129","A0A2R8Y6J3","60S ribosomal protein L5 (Fragment) OS=Homo sapiens OX=9606 GN=RPL5 PE=1 SV=1",0.0764851960186266,1,0.733105868808267,0.702972350340319,0.766262061045362,9.73082413911481,0.749683964926815,0.0422361275467433,0.471199638315281,0.575679542744694,0.519058104856935,0.573610144692982,-0.820038223878387,0.546334124774958,"RPL5",0.059360661782685,"Unstable interactor",""
"130","P16401","Histone H1.5 OS=Homo sapiens OX=9606 GN=H1-5 PE=1 SV=3",0.0122304036123863,0.649591504202425,0.450059422391617,0.38798372944544,0.191046657703272,-0.433071514811269,0.419021575918528,0.0282712296202441,0.733184196141269,0.75269907506611,0.549446715046228,0.606796747285361,1.13426127561996,0.669990471713315,"H1-5",0.0202508166163152,"Background",""
"131","P49755","Transmembrane emp24 domain-containing protein 10 OS=Homo sapiens OX=9606 GN=TMED10 PE=1 SV=2",0.0317443060290598,1,0.434500595640818,0.588631747253606,0.453229125244296,0.688361928352061,0.520930436248951,0.0278141238711492,0.647998413528546,0.681554116241217,0.705708167592028,0.551746519543717,0.749756674335293,0.664776264884882,"TMED10",0.0297792149501045,"Background",""
"132","O75223","Gamma-glutamylcyclotransferase OS=Homo sapiens OX=9606 GN=GGCT PE=1 SV=1",0.0216657775777871,0.13688987349889,0.163347031853728,0.0817797468509504,0.216735338554052,11.9371868642537,0.150118452676309,0.0504662388936715,0.882465830174555,0.853829677070535,0.839833043256947,0.77715693364337,10.9256795623708,0.846831360163741,"GGCT",0.0360660082357293,"Random hit",""
"133","Q08188","Protein-glutamine gamma-glutamyltransferase E OS=Homo sapiens OX=9606 GN=TGM3 PE=1 SV=4",0.019485738057565,0.0736136506957226,0.0320899030270165,0.089711157915835,0.0780685235492089,19.5738211532195,0.0758410871224658,0.0621348239910128,0.984928361194091,0.847500866366565,0.941422361700393,0.872879411531544,17.6036198139005,0.907150886615968,"TGM3",0.0408102810242889,"Random hit",""
"134","P06748","Nucleophosmin OS=Homo sapiens OX=9606 GN=NPM1 PE=1 SV=2",0.0100212640151644,0.107268864413574,0.40679048480877,0.27811104929457,0.144007093674632,5.91466177028022,0.211059071484601,0.0521487962106818,0.818377739808336,0.583461489051438,0.785641037342089,0.794303327121702,4.65698661435739,0.789972182231896,"NPM1",0.0310850301129231,"Random hit",""
"135","A0A1B0GUE3","Acid ceramidase OS=Homo sapiens OX=9606 GN=ASAH1 PE=1 SV=1",0.0663215340303849,0.661098651574372,0.437964445691828,0.321949303644027,0.299297270970551,-0.550156163475795,0.379956874667928,0.0423207637287064,0.578231567881962,0.895716359271751,0.926131404024831,1,11.8434489158763,0.910923881648291,"ASAH1",0.0543211488795457,"Background",""
"136","P31944","Caspase-14 OS=Homo sapiens OX=9606 GN=CASP14 PE=1 SV=2",0.0161459386752599,0.0206746330732699,0.0180333525257668,0.039808542188222,0.0377672901690602,23.8855726884115,0.0292209616211651,0.0431992280117732,0.837362279016797,0.954365095473445,0.902624269279422,0.898632620578436,16.2721058085811,0.900628444928929,"CASP14",0.0296725833435166,"Random hit",""
"137","H0YHA7","60S ribosomal protein L18 (Fragment) OS=Homo sapiens OX=9606 GN=RPL18 PE=1 SV=1",0.0605305010799411,0.849112517763755,0.469680457473357,0.759765608338,0.341549497071301,0.358993456215895,0.614723032905679,0.0355293955481531,0.865472468944759,0.788340976629417,0.749662821141016,0.739906014078973,7.07717458782484,0.769001898885217,"RPL18",0.0480299483140471,"Unstable interactor",""
"138","P62266","40S ribosomal protein S23 OS=Homo sapiens OX=9606 GN=RPS23 PE=1 SV=3",0.0548554908398825,0.141214300071933,1,0.575704585275513,0.596207278800523,-0.15446087300463,0.585955932038018,0.0465122517382194,0.541503700122613,0.609750379506156,0.584689601825279,0.472102220881168,-0.739141998539244,0.563096650973946,"RPS23",0.0506838712890509,"Background",""
"139","O00571","ATP-dependent RNA helicase DDX3X OS=Homo sapiens OX=9606 GN=DDX3X PE=1 SV=3",0.0250191756146521,0.0186754096854977,0.108895038489142,0.267522317800332,0.246676543015514,11.0469119045807,0.177785790752328,0.121210363818029,0.854842599322962,0.976611213244247,0.905624123376701,0.964873623572762,19.027677077452,0.935248873474732,"DDX3X",0.0731147697163403,"Random hit",""
"140","Q08554","Desmocollin-1 OS=Homo sapiens OX=9606 GN=DSC1 PE=1 SV=2",0.0666683258408384,0.216971220638532,0.222388438322097,0.118652323621,0.229950843822657,8.32193736224066,0.219679829480315,0.10687891831646,0.978570069849091,0.846240002969236,0.94169859338637,0.824318505539445,16.2134129411323,0.893969298177803,"DSC1",0.0867736220786494,"Random hit",""
"141","G3V1B3","60S ribosomal protein L21 OS=Homo sapiens OX=9606 GN=RPL21 PE=1 SV=1",0.0463589061367674,0.514546124694846,1,0.534616124110612,0.612905802423665,2.13087685536151,0.573760963267138,0.015506939652459,1,0.635436896580383,1,1,17.2598144440096,1,"RPL21",0.0309329228946132,"Unstable interactor",""
"142","P39019","40S ribosomal protein S19 OS=Homo sapiens OX=9606 GN=RPS19 PE=1 SV=2",0.0226439443306658,0.0108746339116169,0.00939063867411116,0.0314931579601081,0.0301628393286002,24.8804946798227,0.0205187366201086,1.49470976636787,0.998950924144719,0.979636038464402,0.991970636754817,0.982104780082972,26.1350211825412,0.987037708418894,"RPS19",0.758676855349267,"Random hit",""
"143","P18669","Phosphoglycerate mutase 1 OS=Homo sapiens OX=9606 GN=PGAM1 PE=1 SV=2",0.0302844780577471,0.161098620752629,0.763704002353399,0.784288742257167,0.60965602426344,-0.128783065325789,0.686680013308419,0.0258210587363865,0.661842904074675,0.582818482888776,0.583262910961583,0.599812510266681,-0.107216621188053,0.591537710614132,"PGAM1",0.0280527683970668,"Background",""
"144","P23490","Loricrin OS=Homo sapiens OX=9606 GN=LORICRIN PE=1 SV=2",0.0588826734979804,0.417862834636105,0.52627745377249,0.428192143789335,0.376666554702847,-0.618797808991682,0.42302748921272,0.0751931047662244,0.691112912567593,0.555775511274924,0.578971700311192,0.252220114241273,-0.848296659225814,0.567373605793058,"LORICRIN",0.0670378891321024,"Background",""
"145","H3BNC9","40S ribosomal protein S17 OS=Homo sapiens OX=9606 PE=3 SV=2",0.0281435241096107,0.426319858513001,0.245275734138244,0.137605996131532,0.254633075125981,4.17050177880774,0.249954404632112,0.0283897418553152,0.677016018988023,0.762695847022109,0.864758450168284,0.676602113789915,4.64988160890484,0.719855933005066,"",0.0282666329824629,"Random hit",""
"146","A0A1B0GVD5","Cathepsin D OS=Homo sapiens OX=9606 GN=CTSD PE=1 SV=1",0.0160691853756675,0.0633672241113453,0.0558817609568581,0.0573647374666241,0.0228848712375709,21.55366537738,0.0566232492117411,0.233924089189731,0.997716457549503,0.969275190329828,0.937152328952085,0.929506636350876,22.6323875147767,0.953213759640956,"CTSD",0.124996637282699,"Random hit",""
"147","P29508","Serpin B3 OS=Homo sapiens OX=9606 GN=SERPINB3 PE=1 SV=2",0.0905692810719083,0.353095671957547,0.826305655799268,0.0647271213775928,0.187506574615984,0.704752893148522,0.270301123286765,2.12078569601998,0.998157531090943,0.620831936295134,0.995100904443632,0.984513646344888,16.3471320479276,0.98980727539426,"SERPINB3",1.10567748854595,"Background",""
"148","A0A3B3ITD8","Nuclear pore complex protein Nup98-Nup96 OS=Homo sapiens OX=9606 GN=NUP98 PE=1 SV=1",0.0116641437590915,0.0872801659390435,0.30026114301389,0.377114938780018,0.504657318965185,1.95811735177373,0.338688040896954,0.0284798284766167,0.964427097096507,0.740225465999576,0.761217022977622,0.843053240510951,10.0362348140616,0.802135131744286,"NUP98",0.0200719861178541,"Background",""
"149","Q14574","Desmocollin-3 OS=Homo sapiens OX=9606 GN=DSC3 PE=1 SV=3",0.0321308829668437,0.09650976696586,0.341020347524363,0.364687641992023,0.265045088027433,4.12733379169115,0.303032717775898,0.0237422665280758,0.820473737507203,0.793041837205455,0.589855529672785,0.66362505302124,3.235388954641,0.728333445113347,"DSC3",0.0279365747474597,"Random hit",""
"150","D6RBZ0","Heterogeneous nuclear ribonucleoprotein A/B OS=Homo sapiens OX=9606 GN=HNRNPAB PE=1 SV=1",0.0241906736841558,0.746784678059974,0.454275652322428,0.291600309823356,0.348994144945519,-0.779672156467725,0.401634898633974,0.0780277530618169,0.558695466800276,0.459002597576852,0.465140094708577,0.477037720746969,-0.785748027614579,0.471088907727773,"HNRNPAB",0.0511092133729864,"Background",""
"151","P01857","Immunoglobulin heavy constant gamma 1 OS=Homo sapiens OX=9606 GN=IGHG1 PE=1 SV=1",0.00837569356005473,0.0463160010874994,0.282368436433667,0.0800870536295906,0.00752281033844045,15.9797222679517,0.063201527358545,0.0403594545529975,0.9635334149435,0.815605184713973,0.791948241765314,0.866835693195245,12.6934738426535,0.841220438954609,"IGHG1",0.0243675740565261,"Random hit",""
"152","Q13867","Bleomycin hydrolase OS=Homo sapiens OX=9606 GN=BLMH PE=1 SV=1",0.0160208561721636,0.0474747602813878,0.0521814431357708,0.151143131021689,0.146287777729778,16.4613734465194,0.0992346104327746,0.0680862652970721,0.947334129038258,0.741717728663735,0.789817186298219,0.888582944923379,11.2045528535866,0.839200065610799,"BLMH",0.0420535607346179,"Random hit",""
"153","P20618","Proteasome subunit beta type-1 OS=Homo sapiens OX=9606 GN=PSMB1 PE=1 SV=2",0.0196745095854548,0.257654239923061,0.178911573992783,0.269143475989996,0.210386763019253,6.22917528694103,0.234020501471157,0.0361657474247661,0.928167562922886,0.793392271580074,0.883845101535448,1,16.5661301666398,0.906006332229167,"PSMB1",0.0279201285051105,"Random hit",""
"154","Q15149","Plectin OS=Homo sapiens OX=9606 GN=PLEC PE=1 SV=3",0.00173095148668382,0.12075123336129,0.522271480747763,0.136387587626968,0.3287303674196,3.62127657305258,0.232558977523284,0.00423090073877813,1,1,1,0.823602509093493,22.3301628403614,1,"PLEC",0.00298092611273097,"Random hit",""
"155","P62854","40S ribosomal protein S26 OS=Homo sapiens OX=9606 GN=RPS26 PE=1 SV=3",0.0312350357825429,0.398035809299284,0.450791751981556,0.542924666215616,0.522440150837254,-0.839743872214174,0.486615951409405,0.0477560101167454,0.215153618624091,0.479866971500881,0.268064942745189,0.272878601393959,3.5952410556287,0.270471772069574,"RPS26",0.0394955229496441,"Background",""
"156","P60174","Triosephosphate isomerase OS=Homo sapiens OX=9606 GN=TPI1 PE=1 SV=3",0.0386259565715571,0.366071295284332,0.121737888439041,0.375478204255198,0.325971770716659,2.73573136322186,0.346021533000496,0.0344450937025937,0.919731234644524,0.869021609535662,0.76476587186116,1,15.3098361703666,0.894376422090092,"TPI1",0.0365355251370754,"Background",""
"157","P62081","40S ribosomal protein S7 OS=Homo sapiens OX=9606 GN=RPS7 PE=1 SV=1",0.0262986237496274,0.0445593113480373,0.397761014734036,0.0182453205931508,0.0127660327313343,14.6173771377034,0.0314023159705941,0.148140344571378,0.862667590373607,0.987694527623377,0.973492705120914,0.856317530174298,18.456745158479,0.91808014774726,"RPS7",0.0872194841605025,"Random hit",""
"158","P50914","60S ribosomal protein L14 OS=Homo sapiens OX=9606 GN=RPL14 PE=1 SV=4",0.0338525271918062,0.146733672482014,0.21439871225236,0.430309680726544,0.53546216989719,1.46932789869467,0.322354196489452,0.0730797345194251,0.49044874845269,0.76124434671095,0.705223084745002,0.657961396326853,0.936919616467798,0.681592240535928,"RPL14",0.0534661308556157,"Background",""
"159","P61247","40S ribosomal protein S3a OS=Homo sapiens OX=9606 GN=RPS3A PE=1 SV=2",0.0217295095181803,0.343687701467215,0.178325346719737,0.949235154728052,0.510716075316125,-0.845379309625299,0.42720188839167,0.0136843029745714,0.205072834664322,0.0138197321755027,0.694671376878137,0.0319685996787917,7.7402934280803,0.118520717171557,"RPS3A",0.0177069062463758,"Background",""
"160","P50395","Rab GDP dissociation inhibitor beta OS=Homo sapiens OX=9606 GN=GDI2 PE=1 SV=2",0.0323156647004996,0.308042902672329,0.404114469754161,0.524632867649747,0.31441332523339,0.0609426906839192,0.359263897493776,0.0346917873784296,1,0.626646726044433,0.794264730873181,1,12.2870502073566,0.89713236543659,"GDI2",0.0335037260394646,"Background",""
"161","Q9BSJ8","Extended synaptotagmin-1 OS=Homo sapiens OX=9606 GN=ESYT1 PE=1 SV=1",0.0123017076514706,1,1,0.495212350011423,1,15.8869169246016,1,0.015012698246402,0.838930832578592,0.717306363347496,0.731490484949404,0.623932546274026,3.76197402621091,0.72439842414845,"ESYT1",0.0136572029489363,"Stable interactor","ESYT1"
"162","P62841","40S ribosomal protein S15 OS=Homo sapiens OX=9606 GN=RPS15 PE=1 SV=2",0.0293011059926212,0.560340218529538,0.592666506340841,0.575129341893603,0.407986149273234,-0.674697128415427,0.56773478021157,0.00920155615936869,0.396703833872553,0.492552016431253,0.466869222785961,0.318167951688546,0.035555170565345,0.431786528329257,"RPS15",0.0192513310759949,"Background",""
"163","P40429","60S ribosomal protein L13a OS=Homo sapiens OX=9606 GN=RPL13A PE=1 SV=2",0.0739131245590831,0.414220424422089,0.586954788849783,0.495434189275713,0.539838746239377,-0.814383131912289,0.517636467757545,0.0552553956068178,0.454199996001906,0.484729041974215,0.612778918322596,0.377082983109248,-0.743581253228272,0.469464518988061,"RPL13A",0.0645842600829505,"Background",""
"164","Q6UWP8","Suprabasin OS=Homo sapiens OX=9606 GN=SBSN PE=1 SV=2",0.0541546763086603,0.102444544654088,0.089695872659653,0.668118656110001,0.374224719072947,2.26515549054659,0.238334631863518,0.015982197071831,0.848415146649185,0.839067054869342,0.858456248329553,0.190258991907215,1.87656344138822,0.843741100759264,"SBSN",0.0350684366902456,"Background",""
"165","P39023","60S ribosomal protein L3 OS=Homo sapiens OX=9606 GN=RPL3 PE=1 SV=2",0.0188173431383352,0.762977507949256,0.533371872061631,0.360732263786568,0.52905239959997,-0.563511261214358,0.5312121358308,0.0329317385479372,0.6764460195207,0.46836597024364,0.604919049540267,0.599617387922208,-0.401268555112665,0.602268218731238,"RPL3",0.0258745408431362,"Background",""
"166","P42766","60S ribosomal protein L35 OS=Homo sapiens OX=9606 GN=RPL35 PE=1 SV=2",0.0349372804192751,0.562561005815585,0.554650710180944,0.469644356914779,0.368708938384776,-0.848966927294858,0.512147533547862,0.0226464977587832,0.495530101433437,0.634854404065743,0.420356056610866,0.528483502843439,-0.848148622876141,0.512006802138438,"RPL35",0.0287918890890291,"Background",""
"167","J3QQQ9","KOW domain-containing protein OS=Homo sapiens OX=9606 PE=3 SV=1",0.17648578655338,0.899830555304795,0.806906934774729,0.592151927537889,0.846131431648961,8.68152906743521,0.826519183211845,0.0593282486007534,0.357063713588167,0.479924931830827,0.46603423035461,0.346084784893936,0.158314231455132,0.411548971971389,"",0.117907017577066,"Background",""
"168","P62241","40S ribosomal protein S8 OS=Homo sapiens OX=9606 GN=RPS8 PE=1 SV=2",0.00786196150362025,0.474136936276453,0.15919467721471,0.339295619948599,0.432137881284988,0.896866745136193,0.385716750616794,0.024087910523109,0.919006424773213,0.945703895627459,0.895780170711967,0.917788380800294,18.4175085682741,0.918397402786753,"RPS8",0.0159749360133646,"Background",""
"169","P47929","Galectin-7 OS=Homo sapiens OX=9606 GN=LGALS7 PE=1 SV=2",0.0239932160364248,0.0243516417715989,0.312120363692197,0.24186836317006,0.233358739013032,7.89993372201957,0.237613551091546,0.0428894590460983,0.899698059840564,0.511141389652143,0.558583603209607,1,4.46316569960796,0.729140831525085,"LGALS7",0.0334413375412616,"Random hit",""
"170","Q8WVV4","Protein POF1B OS=Homo sapiens OX=9606 GN=POF1B PE=1 SV=3",0.0059886950906808,0.0742344035726107,0.184849706272482,0.00985618305171167,0.113593959612427,16.8100929613339,0.0939141815925189,0.00758947701851878,1,1,0.612895680589764,1,16.6918319519733,1,"POF1B",0.00678908605459979,"Random hit",""
"171","P81605","Dermcidin OS=Homo sapiens OX=9606 GN=DCD PE=1 SV=2",0.0295854990178643,0.00224607408067652,0.051266005206525,0.0293932526289631,0.0175915326564119,24.3395496480689,0.0234923926426875,0.930011857021589,0.98443147464703,0.968864891004901,0.978878106186913,1,25.5156519550565,0.981654790416972,"DCD",0.479798678019727,"Random hit",""
"172","P68871","Hemoglobin subunit beta OS=Homo sapiens OX=9606 GN=HBB PE=1 SV=2",0.0314325711598765,0.13987342443321,0.020863763344178,0.156133413476297,0.156969481438881,14.6573722030967,0.148003418954753,0.0922602049943778,1,0.975506293162511,1,1,26.8331733488238,1,"HBB",0.0618463880771272,"Random hit",""
