Accession,Gene name,Hit times,Buffer29,,Buffer25,,Buffer19,,Buffer16,,Buffer3,,Buffer2,
A0A2R8YCH5,CTNNB1,6,0.86,11.89,0.86,11.40,0.90,15.14,0.85,10.74,0.88,11.82,0.90,15.73
P35527,KRT9,6,0.97,22.82,0.98,23.05,0.98,20.22,0.98,24.70,0.96,21.80,0.95,19.93
P42704,LRPPRC,6,1.00,25.08,0.99,24.60,1.00,25.02,1.00,26.98,0.97,23.26,0.98,24.54
P35908,KRT2,6,0.99,15.90,0.98,24.35,0.98,21.88,0.96,21.10,0.96,21.89,0.74,4.83
P13645,KRT10,6,0.97,22.12,0.98,23.38,0.96,21.06,0.98,23.88,0.94,20.15,0.95,20.76
P05787,KRT8,6,1.00,25.48,0.97,21.62,0.96,20.14,1.00,26.83,0.95,20.85,1.00,26.41
P02533,KRT14,6,0.97,22.08,0.91,15.75,0.85,11.33,0.98,24.35,0.76,4.97,0.93,19.28
H0YFD6,HADHA,6,1.00,25.19,1.00,25.34,0.92,16.50,1.00,26.98,0.75,5.47,0.96,22.68
P13647,KRT5,6,0.97,21.82,0.97,22.71,0.97,21.88,0.95,20.96,0.94,20.61,0.95,21.08
P08779,KRT16,6,0.97,21.56,0.98,23.77,0.98,19.22,0.85,11.63,0.94,13.87,0.98,24.08
A0A087WXI5,CDH1,6,0.96,14.14,0.93,16.16,0.97,21.75,0.88,15.18,0.97,20.86,0.95,13.83
P14923,JUP,6,0.97,22.40,0.77,5.53,0.94,16.61,0.92,18.62,0.80,8.00,0.91,17.68
P02538,KRT6A,6,0.85,9.78,0.92,16.70,0.96,16.32,0.79,8.57,0.88,13.16,0.91,15.72
Q04695,KRT17,6,0.91,12.37,0.93,17.75,0.94,16.14,0.94,15.63,0.86,12.32,0.91,16.19
E9PDC3,ARVCF,6,0.79,5.16,0.91,15.55,0.95,18.42,0.85,8.13,0.84,10.70,0.88,14.01
P06576,ATP5F1B,6,0.97,22.23,0.96,20.49,0.83,9.06,0.96,21.66,0.79,5.94,0.90,15.81
P06733,ENO1,6,0.93,16.60,0.87,11.53,0.83,6.53,0.88,15.23,0.78,6.25,0.92,18.53
P02768,ALB,6,1.00,25.34,1.00,25.50,1.00,25.19,1.00,26.73,1.00,26.71,1.00,26.95
Q5D862,FLG2,6,1.00,25.27,1.00,25.50,0.99,24.51,1.00,26.72,1.00,26.71,0.99,25.86
Q86YZ3,HRNR,6,1.00,25.55,1.00,25.86,1.00,25.21,1.00,26.99,1.00,26.71,1.00,27.02
Q8N1N4,KRT78,6,0.94,16.94,0.89,15.43,0.95,19.64,0.91,17.14,0.97,22.49,0.83,10.03
Q7Z794,KRT77,6,0.98,19.54,0.97,21.68,0.99,24.11,0.98,17.32,0.99,25.82,0.98,24.74
E7EQB2,LTF,6,0.85,11.45,0.97,18.54,0.98,21.77,0.87,14.38,0.95,21.05,0.94,18.24
P06702,S100A9,6,0.83,8.60,0.77,7.72,0.81,7.03,0.85,12.51,0.82,11.39,0.84,10.10
Q08188,TGM3,6,0.92,17.60,0.96,20.76,0.82,11.00,0.93,19.68,0.87,13.57,0.90,16.63
P29508,SERPINB3,6,0.98,18.03,0.87,12.66,0.94,19.27,0.99,22.93,0.90,11.88,0.96,20.65
O43790,KRT86,6,1.00,25.55,1.00,25.86,1.00,25.21,1.00,26.99,1.00,18.35,1.00,27.02
P31944,CASP14,6,0.99,23.50,0.98,22.99,0.94,17.10,0.91,18.59,0.94,17.02,0.95,19.62
F5GZS6,SLC3A2,6,0.96,20.82,0.89,14.37,0.91,15.62,0.92,10.10,0.91,15.87,0.95,20.40
Q6KB66,KRT80,6,0.98,23.01,0.97,22.15,0.97,21.87,0.94,20.88,0.95,21.23,0.96,22.13
O75533,SF3B1,6,0.99,24.78,0.96,19.56,0.86,10.62,0.91,17.98,0.87,12.35,0.96,21.91
Q01546,KRT76,6,1.00,25.55,1.00,25.86,1.00,25.21,1.00,19.49,1.00,26.71,1.00,27.02
P05089,ARG1,6,1.00,24.11,0.99,24.04,0.91,13.68,0.93,17.44,0.84,9.45,0.87,12.80
P01857,IGHG1,6,0.94,18.26,0.93,19.34,0.88,11.39,0.87,14.17,0.91,18.54,0.95,19.92
P30101,PDIA3,6,0.86,9.97,0.80,6.71,0.72,3.35,0.85,13.54,0.73,4.05,0.89,15.89
P05023,ATP1A1,6,0.91,6.64,0.96,21.62,0.88,13.13,0.93,3.05,0.91,15.43,0.96,22.89
P21333,FLNA,6,0.97,22.49,0.96,21.34,0.98,21.30,1.00,24.78,0.93,18.98,0.96,21.94
A0A1B0GVD5,CTSD,6,0.98,20.42,0.92,17.71,0.74,3.73,0.94,21.34,0.92,17.14,0.89,15.50
P22223,CDH3,6,0.93,17.80,0.96,19.92,0.96,17.36,0.98,14.15,0.90,16.00,0.89,15.84
Q5T749,KPRP,6,1.00,23.93,0.99,21.39,1.00,21.76,0.93,18.15,1.00,22.84,1.00,27.02
P00338,LDHA,6,0.92,17.32,0.76,4.23,0.76,4.25,1.00,26.99,0.74,4.79,0.91,15.69
G8JLG2,CDSN,6,1.00,25.55,1.00,25.86,1.00,25.21,1.00,26.99,1.00,21.76,1.00,27.02
P07737,PFN1,6,1.00,21.77,0.97,17.33,0.70,4.72,1.00,25.76,0.74,4.12,1.00,23.71
Q13867,BLMH,6,0.96,18.07,0.93,17.94,0.92,17.58,0.84,10.99,0.81,7.94,0.89,16.33
P32119,PRDX2,6,0.96,18.71,0.95,18.71,0.81,8.21,0.92,17.67,0.78,5.83,0.91,15.51
P81605,DCD,6,0.98,24.05,0.99,23.98,0.98,21.32,0.99,25.63,0.99,25.18,1.00,26.80
O43278,SPINT1,6,1.00,25.55,1.00,25.86,1.00,19.97,1.00,24.96,0.99,24.25,1.00,27.02
O00571,DDX3X,6,0.99,24.40,0.99,24.62,0.78,3.88,0.91,17.91,0.89,12.08,1.00,25.76
A0A5F9ZHM4,LDHB,6,0.97,21.79,0.93,17.63,0.89,9.43,0.96,22.64,0.86,9.12,0.96,21.61
P01040,CSTA,6,0.98,23.22,0.96,21.72,1.00,25.21,0.96,20.01,1.00,24.67,0.98,22.81
P01876,IGHA1,6,1.00,25.55,1.00,25.86,1.00,20.61,1.00,24.94,1.00,26.71,1.00,27.02
P68871,HBB,6,0.97,22.58,0.97,22.36,1.00,24.02,0.98,24.82,0.96,21.58,0.97,21.82
Q92542,NCSTN,6,1.00,25.55,1.00,25.86,0.97,20.44,1.00,26.99,0.91,15.84,1.00,27.02
A0A024R6I7,SERPINA1,6,1.00,25.55,1.00,18.64,1.00,18.16,1.00,26.99,1.00,19.28,1.00,27.02
P63104,YWHAZ,6,1.00,25.55,1.00,20.05,0.84,8.61,0.96,21.90,0.75,7.37,0.88,16.80
Q96QA5,GSDMA,6,1.00,25.55,1.00,24.72,1.00,25.21,1.00,26.99,1.00,26.71,1.00,27.02
P02763,ORM1,6,0.99,23.67,1.00,25.86,1.00,25.21,1.00,26.18,1.00,26.71,0.98,23.44
P42357,HAL,6,1.00,25.55,1.00,25.86,1.00,25.21,1.00,19.49,1.00,26.71,1.00,27.02
Q9UI42,CPA4,6,1.00,25.55,1.00,22.90,1.00,25.21,1.00,25.24,1.00,26.71,0.96,20.96
A0A286YEY4,IGHG2,6,0.95,18.90,0.95,15.84,0.90,14.55,0.95,20.99,0.97,22.99,0.99,25.07
P01036,CST4,6,0.90,5.19,1.00,25.86,1.00,18.16,1.00,26.99,1.00,19.28,1.00,19.52
A0A1B0GUE3,ASAH1,6,1.00,23.58,1.00,25.86,0.76,3.63,1.00,26.99,1.00,19.28,1.00,27.02
Q8NHM4,PRSS3P2,6,1.00,25.55,1.00,25.86,1.00,25.21,1.00,26.99,1.00,26.71,1.00,27.02
A0A0B4J259,LYZ,6,0.87,6.97,0.91,9.35,0.88,7.00,0.86,12.49,0.79,8.62,0.76,6.31
Q53RT3,ASPRV1,6,1.00,25.55,1.00,25.86,1.00,18.16,1.00,26.99,1.00,19.28,1.00,27.02
A0A0C4DGI3,CS,6,0.93,14.52,0.83,7.76,0.86,13.80,1.00,26.99,0.81,10.27,0.78,5.74
A2NJV5,IGKV2-29,6,0.96,19.93,0.96,20.31,1.00,25.21,1.00,24.65,1.00,26.71,1.00,27.02
P31025,LCN1,6,1.00,25.55,0.98,18.81,0.80,9.57,0.94,18.00,0.94,4.60,1.00,15.86
V9GYM3,APOA2,6,1.00,25.55,1.00,25.86,1.00,24.16,1.00,26.99,0.99,25.29,0.99,25.89
P39019,RPS19,6,1.00,25.55,0.99,24.91,0.92,16.55,0.99,25.81,0.95,21.11,1.00,27.02
P19652,ORM2,6,1.00,24.62,1.00,25.86,1.00,25.21,0.99,26.07,1.00,26.71,1.00,27.02
P12273,PIP,6,1.00,25.55,1.00,25.86,1.00,25.21,1.00,26.99,1.00,26.71,1.00,27.02
C9JF17,APOD,6,1.00,18.42,1.00,18.64,1.00,18.16,1.00,19.49,1.00,26.71,1.00,27.02
O75342,ALOX12B,6,1.00,18.42,1.00,18.64,1.00,25.21,1.00,26.99,1.00,26.71,1.00,19.52
Q8WVV4,POF1B,6,1.00,25.55,1.00,25.86,0.84,8.99,1.00,26.99,1.00,21.89,1.00,19.52
P31949,S100A11,6,1.00,23.23,1.00,17.63,0.79,7.69,1.00,17.93,0.84,12.94,1.00,17.02
C9JRZ6,CHCHD3,6,1.00,7.02,1.00,18.64,0.83,10.65,1.00,19.49,0.92,17.38,1.00,18.74
B7Z7B0,CPSF4,6,1.00,25.55,1.00,22.18,0.91,14.66,1.00,26.99,0.84,13.01,1.00,27.02
P01008,SERPINC1,6,1.00,25.55,1.00,25.86,1.00,25.21,1.00,26.99,1.00,26.71,0.82,9.02
P04080,CSTB,6,1.00,25.55,1.00,25.86,1.00,25.21,1.00,19.49,1.00,19.28,1.00,19.52
P08758,ANXA5,6,1.00,25.55,1.00,25.86,1.00,17.71,1.00,26.99,1.00,12.57,1.00,19.52
P78371,CCT2,6,0.99,24.58,0.99,24.01,0.91,15.07,1.00,22.87,0.88,9.41,0.97,23.72
H0YL69,PSMA4,6,1.00,22.09,1.00,23.74,0.81,4.72,0.90,15.23,0.77,6.77,0.83,9.05
E9PPI9,EXOSC4,6,1.00,25.55,1.00,25.86,1.00,18.16,1.00,26.99,1.00,26.71,1.00,27.02
Q8NEX9,SDR9C7,6,1.00,25.55,0.81,4.45,1.00,18.16,1.00,8.56,1.00,19.28,1.00,27.02
P25786,PSMA1,6,1.00,25.55,1.00,25.86,0.89,12.42,1.00,26.99,0.88,16.60,1.00,27.02
P02790,HPX,6,0.89,10.81,0.82,8.16,1.00,22.76,0.88,13.69,0.66,3.82,0.78,8.45
Q01105,SET,6,1.00,18.42,1.00,25.86,1.00,18.16,1.00,19.49,1.00,26.71,1.00,27.02
Q96T58,SPEN,6,1.00,25.34,1.00,25.11,1.00,25.21,1.00,26.48,1.00,26.69,1.00,26.82
I3L192,BSG,6,1.00,25.55,1.00,18.64,1.00,14.02,1.00,13.66,0.86,11.64,0.82,11.80
P55072,VCP,6,1.00,25.55,1.00,25.86,1.00,25.21,1.00,26.99,1.00,26.71,1.00,27.02
G3V3A0,SERPINA3,6,1.00,25.55,1.00,25.86,1.00,18.16,1.00,26.99,1.00,19.28,1.00,27.02
A0A3B3ISS6,GPNMB,6,1.00,18.42,1.00,25.86,1.00,25.21,1.00,26.99,1.00,19.28,1.00,27.02
Q9NR30,DDX21,6,1.00,25.55,1.00,25.86,0.92,15.63,1.00,26.99,0.84,13.17,1.00,19.52
P50991,CCT4,6,1.00,18.42,1.00,25.86,1.00,25.21,1.00,19.49,1.00,19.28,1.00,19.52
P15924,DSP,5,0.90,14.94,0.74,4.29,0.77,5.40,0.88,12.33,0.68,2.08,0.84,11.09
P04259,KRT6B,5,0.88,14.35,0.89,11.60,0.90,9.14,0.83,9.78,0.77,2.94,0.88,12.58
Q99569,PKP4,5,0.89,14.31,0.75,5.56,0.91,15.98,0.62,0.56,0.77,5.44,0.83,10.27
P19013,KRT4,5,0.98,19.57,0.98,20.71,1.00,16.44,0.91,10.48,0.78,3.94,0.42,-0.82
P07900,HSP90AA1,5,0.88,12.34,0.81,8.17,0.72,1.88,0.87,11.81,0.74,3.97,0.90,15.62
P04083,ANXA1,5,0.86,8.96,0.74,4.12,0.73,3.14,0.68,2.44,0.77,5.96,0.83,10.66
P14618,PKM,5,0.89,13.26,0.84,10.76,0.75,3.84,0.89,14.65,0.67,1.32,0.90,15.36
P13639,EEF2,5,0.99,22.70,0.90,11.24,0.68,2.14,0.99,24.21,0.93,18.62,0.94,20.45
Q5T5P2,KIAA1217,5,0.83,10.35,0.82,7.56,0.85,11.18,0.65,-0.16,0.80,8.66,0.97,23.78
P38646,HSPA9,5,0.79,6.52,0.72,3.17,0.72,3.04,0.73,2.95,0.73,3.15,0.69,3.38
P12035,KRT3,5,1.00,18.42,1.00,25.86,0.00,0.00,1.00,19.49,1.00,26.71,1.00,19.52
Q9H8K7,PAAT,5,0.55,-0.72,1.00,25.86,0.91,16.89,0.91,17.32,0.89,15.93,1.00,27.02
Q08554,DSC1,5,0.83,9.20,0.87,12.09,0.97,14.33,0.82,8.49,0.86,10.84,0.63,1.24
P01834,IGKC,5,1.00,9.74,1.00,18.21,1.00,19.11,1.00,25.55,0.50,-0.82,1.00,22.01
P27797,CALR,5,0.71,4.24,0.79,7.54,0.55,-0.71,0.81,8.24,0.65,3.01,0.89,13.49
P04075,ALDOA,5,0.90,14.87,0.82,8.48,0.78,3.11,0.93,19.27,0.66,0.99,0.85,12.52
P04040,CAT,5,0.77,6.08,0.81,6.79,0.82,9.65,0.83,10.12,0.82,6.85,0.72,2.66
Q99959,PKP2,5,1.00,25.55,0.51,-0.31,0.84,9.62,1.00,26.99,0.72,5.31,1.00,27.02
P47929,LGALS7,5,0.92,16.70,0.74,4.83,0.82,6.77,0.81,8.39,0.89,3.36,0.47,-0.84
P54886,ALDH18A1,5,1.00,16.38,1.00,17.56,0.68,1.13,1.00,25.66,0.89,14.30,1.00,27.02
P49327,FASN,5,1.00,20.98,0.77,3.60,0.74,4.94,1.00,4.76,0.62,1.37,0.81,10.02
P22735,TGM1,5,0.87,10.25,0.89,13.20,0.68,1.75,0.90,17.21,0.77,6.18,0.87,12.37
H3BNC9,3 SV,5,1.00,21.59,0.94,17.40,0.58,-0.58,0.90,12.28,0.74,3.93,0.98,24.63
Q99523,SORT1,5,1.00,25.55,1.00,25.86,0.35,2.06,1.00,15.83,0.90,15.18,1.00,11.14
P15586,GNS,5,1.00,18.42,1.00,25.86,0.44,-0.71,1.00,26.99,1.00,26.71,1.00,27.02
P61224,RAP1B,5,0.91,2.37,0.95,15.05,0.74,7.13,0.95,20.89,0.74,3.22,0.87,12.96
P07099,EPHX1,5,0.93,18.48,0.83,5.67,0.53,-0.82,0.82,8.01,0.72,3.30,0.88,11.50
Q96FQ6,S100A16,5,1.00,19.65,0.97,17.46,1.00,18.16,0.85,1.53,1.00,26.71,0.89,11.71
Q07065,CKAP4,5,1.00,9.01,1.00,25.86,0.89,8.79,1.00,4.76,0.90,10.80,0.00,0.00
P20618,PSMB1,5,0.74,6.12,0.74,3.77,0.76,5.25,0.91,16.29,0.66,0.80,0.74,4.00
G3V3U4,PSMA6,5,1.00,18.42,1.00,25.86,1.00,18.16,1.00,19.49,1.00,26.71,0.00,0.00
O14828,SCAMP3,5,1.00,19.82,0.95,3.04,0.88,10.90,1.00,26.99,0.83,8.64,0.69,1.79
P23284,PPIB,5,0.90,16.43,1.00,20.28,0.73,2.21,0.82,12.51,0.75,3.68,0.87,13.27
F5H423,F5H423,5,1.00,25.55,0.90,15.11,0.84,11.26,1.00,26.99,0.73,2.85,1.00,27.02
P28074,PSMB5,5,1.00,20.86,0.96,12.23,0.82,11.99,0.70,3.30,0.69,1.87,0.86,9.33
A6NLM8,SSR4,5,1.00,18.42,0.00,0.00,1.00,18.16,1.00,19.49,0.90,13.63,1.00,19.52
O75635,SERPINB7,5,1.00,25.55,1.00,18.64,1.00,25.21,1.00,19.49,0.00,0.00,1.00,19.52
A0A0C4DGN4,ZG16B,5,0.00,0.00,1.00,18.61,1.00,18.16,0.98,21.05,1.00,6.25,1.00,19.11
Q9BSJ8,ESYT1,5,0.00,0.00,1.00,25.86,0.87,8.35,1.00,26.99,1.00,14.25,1.00,27.02
Q12955,ANK3,5,0.00,0.00,1.00,7.12,0.81,9.37,0.75,7.08,0.87,13.36,0.97,22.53
P08670,VIM,4,0.94,17.13,0.88,12.23,0.61,1.53,0.97,24.50,0.54,-0.81,0.89,14.93
P11021,HSPA5,4,0.78,4.94,0.88,12.90,0.68,0.96,0.81,8.56,0.69,3.24,0.66,1.18
Q14157,UBAP2L,4,0.77,5.76,0.88,2.81,0.56,-0.55,0.86,3.68,0.98,23.88,0.91,15.66
Q08211,DHX9,4,1.00,10.35,0.96,9.18,0.58,-0.44,0.80,8.76,0.55,-0.65,0.93,15.07
Q15233,NONO,4,1.00,25.55,1.00,21.76,0.53,-0.84,0.91,18.86,0.58,-0.44,0.74,6.02
P62805,H4C1,4,0.77,4.66,0.78,5.77,0.62,-0.02,0.78,4.71,0.62,0.05,0.78,6.49
P19338,NCL,4,0.86,10.63,0.85,11.40,0.64,0.45,0.96,21.90,0.66,2.39,0.96,16.97
Q16777,H2AC20,4,0.80,6.18,0.75,4.98,0.60,-0.23,0.78,4.95,0.58,-0.54,0.74,4.41
J3QTR3,RPS27A,4,0.89,14.42,0.86,11.27,0.64,0.38,0.85,11.55,0.69,1.91,0.78,6.56
B4DY09,ILF2,4,1.00,18.42,1.00,18.64,0.60,-0.15,0.85,11.53,0.64,0.25,1.00,27.02
Q5QNW6,H2BC18,4,0.82,7.34,0.77,5.40,0.65,0.32,0.77,5.32,0.62,0.02,0.73,4.09
P32969,RPL9,4,1.00,14.59,1.00,12.69,0.50,-0.66,1.00,19.49,0.60,-0.32,1.00,19.52
P08865,RPSA,4,0.81,10.48,0.74,4.83,0.50,-0.81,0.83,13.22,0.55,-0.76,0.70,3.36
P31151,S100A7,4,0.79,5.54,0.69,1.38,0.61,0.59,0.91,16.34,0.85,10.23,0.83,9.14
P62241,RPS8,4,1.00,24.11,0.89,14.28,0.63,-0.36,0.92,18.08,0.64,0.36,0.99,24.21
A8MUD9,RPL7,4,1.00,17.42,0.83,10.03,0.54,-0.75,0.80,6.79,0.53,-0.84,1.00,22.01
P63244,RACK1,4,0.77,3.45,0.91,15.97,0.59,-0.43,0.75,2.03,0.70,3.10,0.77,5.25
P36578,RPL4,4,1.00,18.42,1.00,14.62,0.44,-0.40,1.00,12.18,0.49,-0.80,1.00,19.52
Q13838,DDX39B,4,0.93,17.86,0.90,12.48,0.57,-0.74,0.80,5.69,0.53,-0.76,0.86,14.59
P62424,RPL7A,4,1.00,25.55,0.97,21.78,0.71,2.06,1.00,26.50,0.66,0.81,0.97,23.57
P60842,EIF4A1,4,1.00,21.11,0.91,16.42,0.71,2.30,1.00,26.99,0.63,0.40,0.94,18.36
Q13835,PKP1,4,1.00,16.95,1.00,25.86,0.18,10.84,1.00,26.99,0.22,0.45,1.00,27.02
Q14574,DSC3,4,0.72,4.64,0.74,6.99,0.78,5.71,0.74,6.94,0.67,1.43,0.41,2.77
P49756,RBM25,4,1.00,25.55,1.00,25.86,0.58,-0.50,1.00,19.49,0.64,0.48,0.95,7.95
P13667,PDIA4,4,0.82,8.88,0.79,4.91,0.63,0.38,0.81,8.49,0.69,1.17,0.72,4.37
E9PKZ0,RPL8,4,1.00,19.75,0.77,7.31,0.52,-0.83,1.00,18.43,0.48,-0.18,0.81,6.18
M0R0F0,RPS5,4,0.95,18.75,0.85,11.25,0.61,-0.44,0.92,12.64,0.70,2.09,0.95,20.57
P23528,CFL1,4,0.86,9.02,1.00,17.98,0.61,-0.23,0.66,3.04,0.61,-0.11,0.89,14.54
P61353,RPL27,4,1.00,21.16,0.82,10.08,0.49,-0.73,0.86,9.56,0.52,-0.85,1.00,27.02
P35579,MYH9,4,1.00,18.42,0.74,6.33,0.55,-0.28,1.00,26.99,0.44,-0.25,1.00,11.52
K7EJV9,RPL23A,4,1.00,25.55,1.00,23.70,0.68,1.10,1.00,26.99,0.59,-0.19,1.00,27.02
A0A087WWU8,TPM3,4,1.00,25.55,0.96,20.00,0.77,0.30,1.00,19.49,0.92,17.32,0.00,0.00
H3BRG4,UQCRC2,4,1.00,25.55,0.00,0.00,0.00,0.00,1.00,26.99,0.94,18.12,0.92,18.20
P84243,H3-3A,4,0.82,7.21,0.76,4.37,0.59,-0.17,0.80,5.56,0.61,-0.19,0.77,6.05
P42167,TMPO,4,1.00,16.25,1.00,25.86,0.74,5.69,0.71,-0.09,0.58,-0.23,0.78,7.74
P62851,RPS25,4,1.00,12.74,1.00,25.86,0.51,-0.85,1.00,21.08,0.62,1.09,1.00,27.02
P05387,RPLP2,4,1.00,25.55,1.00,25.86,1.00,25.21,1.00,26.99,0.00,0.00,0.00,0.00
P51572,BCAP31,4,1.00,18.42,0.75,5.88,0.62,0.22,0.88,11.03,0.66,2.83,0.91,11.25
P50452,SERPINB8,4,0.92,12.64,0.87,11.45,1.00,21.01,0.74,2.26,1.00,19.28,0.00,0.00
P02647,APOA1,4,1.00,25.55,1.00,25.86,0.00,0.00,1.00,26.99,1.00,19.28,0.00,0.00
P27824,CANX,4,1.00,25.55,0.00,0.00,0.68,4.86,0.00,0.00,0.81,7.47,1.00,9.73
P50395,GDI2,4,0.73,3.55,0.67,0.44,1.00,21.58,0.90,12.12,1.00,18.20,0.00,0.00
O43347,MSI1,4,0.00,0.00,1.00,18.64,0.92,12.61,1.00,26.99,1.00,19.28,0.00,0.00
Q8N684,CPSF7,4,0.00,0.00,0.00,0.00,0.85,6.39,1.00,19.49,0.77,3.58,1.00,19.52
P05783,KRT18,3,0.95,20.73,0.54,-0.72,0.54,-0.80,0.95,20.99,0.47,-0.63,0.81,8.92
P08727,KRT19,3,0.99,24.47,0.66,2.20,0.59,-0.09,0.95,21.35,0.46,-0.71,0.82,9.31
P08729,KRT7,3,0.97,20.56,0.69,2.45,0.63,1.25,0.97,23.40,0.54,-0.72,0.88,13.63
P07355,ANXA2,3,0.80,6.48,0.76,3.48,0.69,1.73,0.76,5.48,0.63,0.40,0.62,1.63
P06748,NPM1,3,0.74,4.58,0.86,9.70,0.62,-0.13,0.84,6.72,0.60,-0.14,0.66,0.59
Q9Y230,RUVBL2,3,0.92,11.05,0.82,10.74,0.42,-0.12,0.74,3.55,0.49,-0.84,0.64,1.37
Q6UWP8,SBSN,3,0.82,2.60,0.93,15.38,0.45,-0.84,0.85,2.11,0.86,4.93,0.98,24.65
P04745,AMY1A,3,1.00,16.22,0.00,0.00,1.00,18.16,0.00,0.00,1.00,19.28,0.00,0.00
P16403,H1-2,3,0.77,5.59,0.61,0.11,0.51,-0.78,0.76,4.10,0.49,-0.62,0.74,4.36
O43390,HNRNPR,3,1.00,11.27,0.81,7.05,0.49,-0.59,1.00,26.99,0.48,-0.74,0.00,0.00
P62081,RPS7,3,0.92,16.75,0.95,18.39,0.63,-0.18,0.92,18.43,0.62,-0.82,0.81,0.71
A0A3B3ITD8,NUP98,3,0.74,1.36,0.72,4.58,0.64,-0.85,0.83,10.87,0.73,2.79,0.92,9.64
P49768,PSEN1,3,1.00,18.42,0.00,0.00,0.95,19.65,1.00,19.49,0.64,1.80,0.92,2.36
P39023,RPL3,3,0.90,5.49,0.85,12.23,0.40,-0.39,0.60,-0.24,0.43,-0.20,0.86,13.23
P02786,TFRC,3,1.00,25.55,1.00,18.64,0.49,-0.85,1.00,11.50,0.60,0.18,0.66,0.50
P62995,TRA2B,3,1.00,18.42,1.00,25.86,0.61,-0.18,0.81,1.03,0.55,-0.81,0.91,15.44
Q01650,SLC7A5,3,0.80,6.83,0.72,2.62,0.61,-0.19,0.69,2.35,0.77,6.64,0.80,9.36
A0A087X2D0,SRSF3,3,0.82,0.84,1.00,18.64,0.53,-0.60,1.00,19.49,0.54,-0.80,0.83,9.60
P60174,TPI1,3,0.73,3.48,0.59,-0.37,0.73,4.06,0.89,15.06,0.62,-0.25,0.56,-0.57
P42766,RPL35,3,1.00,25.55,0.73,5.33,0.47,-0.71,0.51,-0.84,0.38,1.98,1.00,20.64
P51148,RAB5C,3,0.92,14.17,1.00,19.72,0.54,-0.78,0.70,1.77,0.69,0.55,0.83,8.04
Q9C075,KRT23,3,0.78,8.78,0.95,19.04,0.85,3.22,0.47,-0.83,0.32,-0.06,0.57,-0.65
M0QXN5,NUP62,3,1.00,25.55,1.00,6.62,0.49,0.66,1.00,4.76,0.00,0.00,0.00,0.00
O75223,GGCT,3,0.70,1.33,0.74,4.01,0.81,7.45,0.78,7.27,0.66,0.61,0.73,2.09
A0A087WV45,TTR,3,1.00,18.42,1.00,18.64,0.00,0.00,1.00,19.49,0.00,0.00,0.00,0.00
P56537,EIF6,3,1.00,25.55,1.00,21.21,0.34,1.77,1.00,26.99,0.26,5.75,0.11,19.38
P16422,EPCAM,3,1.00,18.42,0.00,0.00,1.00,25.21,0.00,0.00,1.00,26.71,0.00,0.00
B7Z6Z4,MYL6,3,1.00,25.55,0.00,0.00,0.64,-0.08,1.00,26.99,0.50,-0.84,1.00,27.02
G3V1B3,RPL21,3,1.00,25.55,0.39,-0.44,0.47,-0.38,0.79,8.29,0.54,-0.84,1.00,4.65
Q01780,EXOSC10,3,1.00,25.55,1.00,25.86,0.00,0.00,1.00,20.59,0.00,0.00,0.00,0.00
P62318,SNRPD3,3,0.87,10.57,1.00,20.69,0.56,-0.70,0.78,10.16,0.54,-0.71,0.00,0.00
P35030,PRSS3,3,1.00,9.83,1.00,25.86,0.00,0.00,0.48,-0.85,1.00,26.71,0.68,0.94
P51149,RAB7A,3,0.77,4.44,1.00,16.13,0.61,0.49,0.74,6.26,0.55,-0.84,0.65,2.54
A0A590UK80,3 SV,3,0.67,3.44,0.64,0.09,0.54,-0.82,0.63,3.27,0.56,-0.70,0.84,8.53
P61604,HSPE1,3,1.00,18.42,1.00,25.86,0.64,0.54,1.00,26.99,0.00,0.00,0.00,0.00
P62857,RPS28,3,1.00,18.42,1.00,18.64,0.42,1.85,1.00,26.99,0.62,0.75,0.00,0.00
A0A3B3ITL1,RAB2B,3,1.00,25.55,0.00,0.00,0.95,15.65,0.00,0.00,0.77,7.18,0.00,0.00
Q96C36,PYCR2,3,0.00,0.00,1.00,18.64,0.77,5.29,0.00,0.00,0.79,7.08,0.00,0.00
Q92820,GGH,3,0.00,0.00,1.00,18.64,1.00,25.21,0.89,9.22,0.00,0.00,0.00,0.00
P05413,FABP3,3,0.00,0.00,1.00,4.25,0.63,-0.67,1.00,12.65,1.00,20.24,0.00,0.00
P48594,SERPINB4,3,0.00,0.00,0.00,0.00,1.00,18.16,0.00,0.00,1.00,26.71,1.00,19.52
Q13501,SQSTM1,3,0.00,0.00,0.00,0.00,0.72,4.54,0.00,0.00,0.67,3.94,0.84,11.06
Q9UJS0,SLC25A13,3,0.00,0.00,0.00,0.00,0.77,4.19,1.00,8.85,0.51,-0.85,0.79,10.01
Q16651,PRSS8,3,0.00,0.00,0.00,0.00,1.00,25.21,1.00,26.99,0.00,0.00,1.00,19.52
A0A3B3ISX1,ADAR,3,0.00,0.00,0.00,0.00,0.72,2.46,1.00,19.49,0.99,7.66,1.00,19.42
P35221,CTNNA1,3,0.00,0.00,0.00,0.00,1.00,14.90,0.00,0.00,1.00,22.35,1.00,27.02
P58107,EPPK1,2,0.84,10.80,0.28,3.56,0.34,0.90,0.89,15.42,0.35,2.07,0.55,-0.77
P55084,HADHB,2,0.54,-0.63,0.74,4.49,0.48,-0.78,0.79,7.83,0.48,-0.78,0.47,-0.77
F8W8I6,TIA1,2,0.13,14.08,0.73,3.36,0.46,-0.49,0.18,10.33,0.82,9.37,0.53,-0.85
P68133,ACTA1,2,0.72,3.63,0.66,0.38,0.43,0.27,0.73,4.55,0.52,-0.84,0.31,1.84
Q13509,TUBB3,2,0.66,-0.57,0.80,7.49,0.71,1.93,0.65,1.18,0.62,0.06,0.95,20.52
P25705,ATP5F1A,2,0.78,5.91,0.70,1.86,0.50,-0.74,0.71,3.19,0.53,-0.84,0.53,-0.68
P23246,SFPQ,2,0.85,9.37,0.58,-0.59,0.51,-0.84,0.84,9.15,0.52,-0.85,0.51,-0.67
P02671,FGA,2,1.00,4.26,0.45,-0.67,0.00,0.00,0.00,0.00,1.00,7.31,0.40,0.99
J3KTA4,DDX5,2,0.85,8.16,0.67,3.41,0.53,-0.85,0.46,-0.66,0.56,-0.43,0.41,-0.18
P23396,RPS3,2,0.74,4.26,0.68,2.50,0.51,-0.84,0.66,1.61,0.53,-0.85,0.86,11.54
Q9Y5A9,YTHDF2,2,0.88,11.07,0.73,1.63,0.55,-0.46,0.78,8.93,0.77,0.44,0.77,1.42
Q10570,CPSF1,2,1.00,25.55,0.93,16.73,0.47,-0.34,0.70,2.45,0.48,-0.72,0.75,0.23
Q9GZT3,SLIRP,2,0.78,4.64,0.54,-0.85,0.70,-0.31,1.00,26.13,0.49,-0.70,0.52,-0.75
Q5XKE5,KRT79,2,1.00,18.42,0.26,6.24,0.29,4.47,1.00,12.05,0.30,4.00,0.37,1.38
P02545,LMNA,2,0.95,13.86,0.24,6.99,0.32,1.22,0.95,13.91,0.26,5.86,0.60,0.36
P05388,RPLP0,2,0.86,9.82,0.73,2.59,0.53,-0.83,0.83,7.66,0.59,-0.54,0.74,2.61
Q9Y2W1,THRAP3,2,0.71,1.75,1.00,25.54,0.51,-0.82,0.00,0.00,0.71,2.36,0.90,6.50
P14625,HSP90B1,2,0.96,15.72,0.92,5.55,0.52,-0.78,0.57,-0.85,0.59,-0.60,0.58,-0.49
P60866,RPS20,2,0.76,3.11,0.63,0.16,0.51,-0.77,0.54,-0.76,0.55,-0.70,0.83,10.18
P40926,MDH2,2,0.77,4.64,0.69,2.98,0.67,0.94,0.83,10.04,0.64,0.47,0.69,2.03
A0A140TA69,KRT34,2,1.00,9.72,1.00,18.64,0.00,0.00,0.00,0.00,0.00,0.00,0.00,0.00
P05109,S100A8,2,0.69,2.29,0.68,2.61,0.76,4.18,0.67,3.64,0.71,2.88,0.67,0.41
Q06830,PRDX1,2,0.77,4.37,0.61,-0.35,0.51,-0.85,0.70,3.66,0.44,-0.50,0.46,-0.84
P39656,DDOST,2,0.87,8.10,0.62,-0.08,0.69,1.60,0.87,12.14,0.60,-0.04,0.55,-0.83
P49411,TUFM,2,0.74,4.48,0.62,-0.31,0.64,0.36,0.62,0.46,0.69,1.44,0.81,8.37
Q9H0U4,RAB1B,2,0.88,7.67,0.67,3.86,0.47,-0.62,0.58,-0.26,0.55,-0.69,0.51,-0.85
J3KTL2,SRSF1,2,1.00,9.10,0.00,0.00,0.57,-0.68,0.00,0.00,0.56,-0.64,1.00,4.65
P69905,HBA1,2,0.57,-0.44,0.63,0.31,0.88,12.08,0.57,-0.67,0.91,17.57,0.65,-0.11
P30050,RPL12,2,0.62,0.33,0.75,4.33,0.48,-0.71,0.66,0.96,0.46,-0.53,0.90,15.60
P62906,RPL10A,2,0.71,2.92,0.74,3.50,0.54,-0.83,0.79,8.80,0.51,-0.85,0.63,0.22
P0DP25,CALM3,2,1.00,25.55,0.00,0.00,0.00,0.00,0.00,0.00,1.00,19.28,0.00,0.00
P62913,RPL11,2,0.74,3.45,0.66,1.20,0.47,-0.78,0.69,2.08,0.51,-0.84,0.68,4.67
P17931,LGALS3,2,0.95,12.80,0.85,11.63,0.49,-0.80,0.48,-0.77,0.58,1.35,0.44,-0.78
H0YHA7,RPL18,2,0.87,13.82,0.59,-0.35,0.44,-0.31,0.80,8.20,0.44,-0.24,0.69,1.12
P10599,TXN,2,0.69,0.14,1.00,9.76,0.57,-0.72,0.80,7.92,0.26,4.38,0.57,-0.73
P50914,RPL14,2,0.75,5.30,0.76,7.09,0.52,-0.84,0.68,0.99,0.53,-0.84,0.74,2.44
P62753,RPS6,2,0.84,8.64,0.55,-0.50,0.48,-0.76,0.80,6.70,0.55,-0.84,0.60,1.50
P29401,TKT,2,0.87,13.22,0.72,2.07,0.72,1.47,0.63,-0.85,0.53,-0.80,0.76,3.88
Q14974,KPNB1,2,1.00,11.73,0.71,4.11,0.58,-0.14,0.00,0.00,0.47,-0.77,0.52,-0.82
Q01518,CAP1,2,1.00,18.42,0.00,0.00,0.00,0.00,1.00,19.49,0.00,0.00,0.00,0.00
Q9HAU0,PLEKHA5,2,1.00,5.80,0.00,0.00,0.65,0.40,0.00,0.00,0.71,3.19,0.71,2.16
Q6UN15,FIP1L1,2,0.00,0.00,1.00,18.64,0.63,-0.06,0.00,0.00,0.63,0.52,1.00,25.08
Q99567,NUP88,2,0.00,0.00,0.86,7.20,0.48,-0.74,0.00,0.00,0.00,0.00,1.00,27.02
P62314,SNRPD1,2,0.00,0.00,1.00,18.64,0.52,-0.85,1.00,19.49,0.54,-0.51,0.00,0.00
Q16610,ECM1,2,0.00,0.00,1.00,20.10,0.00,0.00,1.00,19.49,0.00,0.00,0.00,0.00
Q9UJZ1,STOML2,2,0.00,0.00,1.00,18.64,0.00,0.00,0.00,0.00,1.00,16.40,0.00,0.00
P01833,PIGR,2,0.00,0.00,1.00,18.64,0.00,0.00,1.00,11.60,0.00,0.00,0.00,0.00
P16104,H2AX,2,0.00,0.00,0.00,0.00,1.00,6.96,0.00,0.00,0.76,4.84,0.00,0.00
Q92804,TAF15,2,0.00,0.00,0.00,0.00,0.52,-0.79,1.00,19.49,0.55,-0.82,1.00,19.52
P04004,VTN,2,0.00,0.00,0.00,0.00,1.00,25.21,0.00,0.00,1.00,26.71,0.00,0.00
P00403,MT-CO2,2,0.00,0.00,0.00,0.00,0.77,5.60,1.00,19.49,0.68,1.96,0.76,0.29
P09936,UCHL1,2,0.00,0.00,0.00,0.00,0.94,10.84,1.00,4.76,0.66,2.04,0.00,0.00
Q9Y3B4,SF3B6,2,0.00,0.00,0.00,0.00,0.78,8.05,0.00,0.00,0.80,8.26,0.00,0.00
Q9NR31,SAR1A,2,0.00,0.00,0.00,0.00,0.46,-0.45,1.00,26.99,1.00,19.28,0.00,0.00
P09661,SNRPA1,2,0.00,0.00,0.00,0.00,0.70,1.95,0.00,0.00,1.00,16.12,1.00,19.52
B1AHC9,XRCC6,2,0.00,0.00,0.00,0.00,1.00,18.16,0.00,0.00,1.00,19.28,0.00,0.00
P00747,PLG,2,0.00,0.00,0.00,0.00,1.00,11.74,0.00,0.00,1.00,26.71,0.00,0.00
A0A669KB05,CTNND1,1,0.55,-0.48,0.50,-0.83,0.84,8.37,0.34,-0.15,0.59,-0.39,0.57,-0.55
P11717,IGF2R,1,0.68,1.02,0.62,0.28,0.23,7.90,1.00,11.03,0.47,-0.66,0.66,0.48
P11142,HSPA8,1,0.76,3.67,0.61,-0.01,0.53,-0.85,0.68,2.81,0.53,-0.81,0.61,-0.01
Q01085,TIAL1,1,0.69,1.86,0.48,-0.85,0.47,-0.68,0.64,0.02,0.62,-0.02,0.78,7.09
Q9BUJ2,HNRNPUL1,1,0.61,-0.35,0.61,0.06,0.48,-0.68,0.49,-0.84,0.48,-0.80,0.88,9.62
P13646,KRT13,1,0.71,4.10,0.58,-0.36,0.56,-0.85,0.26,0.13,0.63,-0.37,0.41,-0.74
A0A087WVQ6,CLTC,1,0.65,-0.23,0.57,-0.60,0.30,3.54,0.77,5.81,0.42,0.23,0.50,-0.85
Q9NZT1,CALML5,1,0.64,-0.31,0.75,4.04,0.72,2.95,0.65,0.62,0.66,1.17,0.73,2.72
Q99623,PHB2,1,0.69,2.00,0.65,0.88,0.50,-0.79,0.76,6.33,0.58,-0.51,0.59,-0.36
P35232,PHB,1,0.57,-0.50,0.70,3.19,0.56,-0.72,0.58,-0.43,0.57,-0.43,0.60,0.63
P51991,HNRNPA3,1,0.98,7.32,0.63,-0.59,0.50,-0.85,0.65,0.22,0.63,-0.32,0.36,2.07
Q5T9A4,ATAD3B,1,0.72,-0.17,0.74,4.06,0.65,0.69,0.52,-0.54,0.61,-0.10,0.61,-0.61
Q15149,PLEC,1,0.62,-0.23,0.33,4.52,0.38,0.25,1.00,17.62,0.28,4.60,0.62,-0.37
Q14126,DSG2,1,0.70,2.14,0.54,-0.66,0.68,0.54,0.77,4.36,0.58,-0.42,0.66,1.84
E9PB61,ALYREF,1,0.37,0.82,0.42,-0.16,0.62,-0.50,0.53,-0.83,0.61,-0.42,1.00,13.59
Q14677,CLINT1,1,0.31,0.19,0.75,0.92,0.34,2.63,0.29,4.51,0.85,6.22,0.72,-0.20
Q15717,ELAVL1,1,0.52,-0.04,0.76,3.07,0.51,-0.85,0.54,-0.81,0.54,-0.83,0.45,-0.56
O43707,ACTN4,1,0.57,-0.83,0.91,17.04,0.39,0.39,0.63,-0.61,0.40,0.39,0.63,-0.84
Q15323,KRT31,1,1.00,8.07,0.00,0.00,0.00,0.00,0.00,0.00,0.00,0.00,0.00,0.00
Q13148,TARDBP,1,0.62,2.34,1.00,17.81,0.49,-0.82,0.61,0.24,0.59,1.37,0.64,0.38
P07237,P4HB,1,0.53,-0.85,0.60,-0.30,0.67,-0.23,0.77,4.63,0.64,2.69,0.49,-0.85
Q6P2Q9,PRPF8,1,0.80,6.54,0.00,0.00,0.39,0.07,0.00,0.00,0.73,2.89,0.74,0.35
O75643,SNRNP200,1,0.61,-0.43,0.15,2.85,0.49,-0.79,0.90,2.96,0.51,-0.81,0.77,5.94
P50995,ANXA11,1,0.49,0.04,0.54,0.91,0.48,-0.57,0.46,-0.05,0.53,-0.67,1.00,11.32
P61247,RPS3A,1,0.60,-0.73,0.22,7.59,0.11,7.44,0.14,5.60,0.09,10.29,0.83,7.98
P25398,RPS12,1,0.62,0.35,0.76,2.14,0.48,-0.74,0.68,-0.26,0.55,-0.79,0.83,8.75
P62277,RPS13,1,0.62,0.19,0.48,-0.59,0.56,-0.65,0.54,-0.31,0.58,-0.50,0.82,9.71
A0A2R8Y6J3,RPL5,1,0.88,11.39,0.31,4.20,0.46,-0.38,0.56,-0.60,0.51,-0.84,0.72,2.20
P38159,RBMX,1,1.00,8.01,0.00,0.00,0.44,-0.51,0.00,0.00,0.47,-0.77,0.00,0.00
Q14697,GANAB,1,0.74,2.50,0.56,-0.71,0.56,-0.71,0.76,3.84,0.56,-0.72,0.66,0.59
P27482,CALML3,1,0.78,5.14,0.67,1.45,0.65,0.51,0.64,1.00,0.60,-0.64,0.52,-0.79
P04843,RPN1,1,0.57,-0.60,0.92,12.74,0.68,1.87,0.72,2.80,0.66,0.42,0.68,-0.15
P20930,FLG,1,0.38,-0.82,0.72,2.47,0.68,3.24,0.46,-0.78,0.45,-0.80,0.71,1.28
Q6ZVX7,NCCRP1,1,0.76,4.53,0.31,2.81,0.35,0.57,0.61,0.17,0.33,2.44,0.43,-0.59
Q9Y446,PKP3,1,1.00,19.15,0.56,-0.66,0.42,1.11,0.74,-0.52,0.37,2.29,0.71,2.27
P46781,RPS9,1,0.66,1.27,0.66,2.53,0.49,-0.79,0.67,1.19,0.50,-0.84,0.90,14.00
H0YKD8,RPL28,1,1.00,18.42,0.58,-0.66,0.44,1.67,0.00,0.00,0.46,-0.62,0.00,0.00
P15531,NME1,1,0.58,-0.82,0.59,-0.66,0.52,-0.66,0.79,5.87,0.56,-0.74,0.59,-0.65
J3KRX5,RPL17,1,0.67,2.05,0.61,-0.05,0.54,-0.84,0.69,3.96,0.55,-0.73,0.64,2.71
G3V279,ERH,1,0.69,1.18,1.00,18.64,0.52,-0.85,0.00,0.00,0.57,-0.56,0.54,-0.81
P62266,RPS23,1,0.58,-0.11,0.48,-0.66,0.46,-0.59,0.56,-0.71,0.50,-0.82,0.88,8.50
P63167,DYNLL1,1,1.00,18.42,0.00,0.00,0.55,0.37,0.00,0.00,0.56,-0.60,0.74,0.94
P49207,RPL34,1,1.00,15.16,0.58,-0.55,0.17,14.98,0.49,-0.85,0.47,-0.62,0.65,0.72
P62491,RAB11A,1,1.00,8.52,0.86,1.51,0.59,-0.58,0.54,-0.48,0.52,-0.81,0.61,-0.04
Q9C0J8,WDR33,1,1.00,25.55,0.00,0.00,0.53,-0.83,0.00,0.00,0.46,-0.39,0.00,0.00
P67809,YBX1,1,0.00,0.00,1.00,18.64,0.40,1.39,0.00,0.00,0.45,-0.08,0.00,0.00
O14979,HNRNPDL,1,0.00,0.00,1.00,3.87,0.44,-0.30,0.37,0.34,0.48,-0.36,0.00,0.00
B0QYK0,EWSR1,1,0.00,0.00,1.00,6.65,0.44,-0.02,0.55,-0.65,0.72,-0.31,0.00,0.00
P23526,AHCY,1,0.00,0.00,1.00,10.07,0.50,-0.85,0.00,0.00,0.57,-0.81,0.00,0.00
Q9Y265,RUVBL1,1,0.00,0.00,0.00,0.00,0.51,-0.84,0.75,0.26,0.56,-0.46,1.00,19.52
P20645,M6PR,1,0.00,0.00,0.00,0.00,0.27,6.05,1.00,19.49,0.00,0.00,0.00,0.00
Q15084,PDIA6,1,0.00,0.00,0.00,0.00,0.48,-0.80,0.00,0.00,0.64,0.90,0.88,8.77
Q9P2I0,CPSF2,1,0.00,0.00,0.00,0.00,0.57,-0.70,0.00,0.00,1.00,16.08,0.00,0.00
Q14498,RBM39,1,0.00,0.00,0.00,0.00,0.83,7.72,0.00,0.00,0.61,2.00,0.00,0.00
Q9UKM9,RALY,1,0.00,0.00,0.00,0.00,0.21,9.42,1.00,19.49,0.11,17.53,0.15,7.65
X6R700,CHTOP,1,0.00,0.00,0.00,0.00,0.79,6.09,0.00,0.00,0.00,0.00,0.00,0.00
Q15459,SF3A1,1,0.00,0.00,0.00,0.00,0.46,-0.60,0.00,0.00,0.80,9.64,0.00,0.00
A0A0B4J231,IGLL5,1,0.00,0.00,0.00,0.00,1.00,18.16,0.00,0.00,0.00,0.00,0.00,0.00
Q07021,C1QBP,1,0.00,0.00,0.00,0.00,0.52,-0.84,0.00,0.00,0.49,-0.82,1.00,19.52
Q05048,CSTF1,1,0.00,0.00,0.00,0.00,0.98,21.65,0.00,0.00,0.29,0.46,0.00,0.00
P09758,TACSTD2,1,0.00,0.00,0.00,0.00,0.37,1.08,0.74,5.71,0.41,0.21,0.37,3.92
P48681,NES,1,0.00,0.00,0.00,0.00,0.56,-0.70,0.00,0.00,0.66,0.61,1.00,16.62
P25787,PSMA2,1,0.00,0.00,0.00,0.00,1.00,9.02,0.00,0.00,0.00,0.00,0.00,0.00
Q14CN4,KRT72,1,0.00,0.00,0.00,0.00,0.00,0.00,1.00,19.49,0.00,0.00,0.00,0.00
Q7Z3Y8,KRT27,1,0.00,0.00,0.00,0.00,0.00,0.00,1.00,26.99,0.00,0.00,0.00,0.00
P59665,DEFA1,1,0.00,0.00,0.00,0.00,0.00,0.00,1.00,19.49,0.00,0.00,0.00,0.00
F5H5D3,TUBA1C,1,0.00,0.00,0.00,0.00,0.00,0.00,0.00,0.00,1.00,13.69,0.00,0.00
A0A3B3ITT5,RPL29,1,0.00,0.00,0.00,0.00,0.00,0.00,0.00,0.00,0.89,11.75,0.00,0.00
P50454,SERPINH1,1,0.00,0.00,0.00,0.00,0.00,0.00,0.00,0.00,1.00,19.28,0.00,0.00
P62140,PPP1CB,1,0.00,0.00,0.00,0.00,0.00,0.00,0.00,0.00,0.74,4.04,0.00,0.00
P06744,GPI,1,0.00,0.00,0.00,0.00,0.00,0.00,0.00,0.00,0.00,0.00,1.00,19.52
P04264,KRT1,0,0.18,12.10,0.20,8.43,0.22,5.55,0.15,13.27,0.12,14.92,0.12,18.31
P22626,HNRNPA2B1,0,0.04,25.02,0.07,21.68,0.43,-0.10,0.33,2.35,0.38,0.43,0.12,16.32
P17302,GJA1,0,0.58,-0.55,0.00,0.00,0.49,-0.79,0.09,10.62,0.59,-0.40,0.58,-0.46
P04406,GAPDH,0,0.51,-0.85,0.54,-0.83,0.62,0.02,0.65,-0.14,0.47,-0.03,0.53,-0.85
P10809,HSPD1,0,0.47,-0.80,0.54,-0.66,0.62,-0.28,0.64,0.48,0.66,1.26,0.65,0.51
P68363,TUBA1B,0,0.62,0.28,0.54,-0.75,0.54,-0.84,0.61,0.00,0.54,-0.83,0.53,-0.85
F8W6I7,HNRNPA1,0,0.35,1.57,0.38,1.19,0.52,-0.85,0.45,-0.33,0.56,-0.71,0.45,-0.77
Q02413,DSG1,0,0.02,28.07,0.02,26.99,0.04,24.60,0.02,27.72,0.01,29.20,0.01,29.67
Q00839,HNRNPU,0,0.52,-0.76,0.57,-0.85,0.54,-0.82,0.57,-0.21,0.56,-0.62,0.61,-0.33
P08238,HSP90AB1,0,0.52,-0.83,0.56,-0.84,0.59,-0.50,0.44,-0.45,0.61,-0.05,0.63,0.92
P61978,HNRNPK,0,0.70,1.40,0.57,-0.82,0.54,-0.83,0.51,-0.80,0.53,-0.84,0.50,-0.77
Q92945,KHSRP,0,0.28,6.08,0.39,0.38,0.47,-0.61,0.53,-0.77,0.50,-0.82,0.38,0.51
P31943,HNRNPH1,0,0.60,-0.28,0.59,-0.61,0.51,-0.82,0.54,-0.82,0.53,-0.85,0.50,-0.85
B4DY08,HNRNPC,0,0.65,0.34,0.61,-0.46,0.54,-0.83,0.66,0.88,0.50,-0.82,0.42,-0.07
P52597,HNRNPF,0,0.62,0.35,0.52,-0.68,0.54,-0.83,0.58,-0.53,0.53,-0.83,0.58,-0.53
A0A087WY31,YTHDF3,0,0.39,1.19,0.46,-0.47,0.40,0.47,0.35,3.61,0.00,0.00,0.00,0.00
A0A087X0X3,HNRNPM,0,0.29,3.75,0.45,0.59,0.28,5.11,0.44,0.85,0.32,2.37,0.06,15.58
P68104,EEF1A1,0,0.67,0.88,0.62,0.33,0.58,-0.54,0.64,0.75,0.58,-0.44,0.65,0.80
A0A0G2JIW1,HSPA1B,0,0.47,-0.80,0.46,-0.74,0.61,-0.42,0.64,0.91,0.49,-0.79,0.48,-0.85
P12236,SLC25A6,0,0.60,-0.27,0.57,-0.67,0.60,-0.26,0.65,1.00,0.55,-0.77,0.57,-0.62
P04792,HSPB1,0,0.54,-0.83,0.51,-0.85,0.52,-0.85,0.56,-0.29,0.59,-0.18,0.57,-0.75
Q15029,EFTUD2,0,0.63,-0.52,0.48,-0.83,0.47,-0.67,0.56,-0.77,0.46,-0.55,0.53,-0.85
Q12906,ILF3,0,0.02,25.44,0.23,8.99,0.50,-0.81,0.22,6.53,0.49,-0.81,0.20,9.98
P05141,SLC25A5,0,0.39,0.40,0.35,2.04,0.44,-0.34,0.38,1.60,0.45,-0.40,0.41,0.04
Q96P63,SERPINB12,0,0.16,13.72,0.20,10.86,0.11,13.99,0.12,14.69,0.09,19.36,0.09,20.51
P26599,PTBP1,0,0.39,1.99,0.60,0.23,0.50,-0.78,0.72,2.00,0.55,-0.71,0.58,-0.65
P21796,VDAC1,0,0.31,3.60,0.37,0.75,0.44,-0.61,0.32,3.20,0.54,-0.83,0.37,0.88
A8MXP9,MATR3,0,0.45,-0.69,0.72,1.93,0.60,-0.30,0.59,-0.16,0.65,2.45,0.59,0.34
A0A087WTT1,PABPC1,0,0.24,0.50,0.15,13.70,0.43,-0.20,0.09,16.62,0.33,1.91,0.63,-0.42
Q8WU79,SMAP2,0,0.32,6.92,0.43,-0.54,0.38,0.90,0.00,0.00,0.00,0.00,0.00,0.00
P78406,RAE1,0,0.37,1.16,0.51,-0.79,0.53,-0.83,0.42,0.50,0.49,-0.85,0.40,-0.38
P25311,AZGP1,0,0.26,8.17,0.29,3.54,0.37,0.40,0.31,4.11,0.28,3.58,0.19,11.58
Q96PK6,RBM14,0,0.31,2.25,0.37,-0.20,0.48,-0.76,0.40,0.04,0.50,-0.82,0.31,0.93
Q02878,RPL6,0,0.02,27.45,0.06,24.00,0.26,4.69,0.03,25.13,0.29,4.47,0.04,24.44
D6RBZ0,HNRNPAB,0,0.53,-0.72,0.59,-0.45,0.53,-0.85,0.47,-0.79,0.59,-0.22,0.62,0.02
P62701,RPS4X,0,0.50,-0.84,0.52,-0.84,0.44,-0.40,0.51,-0.85,0.43,-0.14,0.63,-0.04
P62249,RPS16,0,0.65,2.63,0.58,-0.42,0.43,-0.12,0.50,-0.85,0.47,-0.70,0.58,-0.35
P62841,RPS15,0,0.35,4.59,0.00,0.00,0.38,1.30,0.43,-0.09,0.37,1.71,0.00,0.00
H0Y8G5,HNRNPD,0,0.52,-0.83,0.54,-0.83,0.48,-0.72,0.50,-0.85,0.56,-0.81,0.50,-0.83
Q01469,FABP5,0,0.24,5.29,0.25,3.42,0.38,0.01,0.49,-0.75,0.26,4.08,0.23,7.51
P62269,RPS18,0,0.56,-0.18,0.58,-0.62,0.45,-0.16,0.49,-0.83,0.47,-0.68,0.62,0.14
O43251,RBFOX2,0,0.52,-0.84,0.39,0.80,0.49,-0.83,0.50,-0.20,0.37,3.53,0.44,-0.21
A0A0A0MR02,VDAC2,0,0.70,2.60,0.51,-0.83,0.55,-0.69,0.48,-0.83,0.54,-0.79,0.52,-0.78
P07858,CTSB,0,0.58,0.33,0.70,0.81,0.00,0.00,0.00,0.00,0.00,0.00,0.00,0.00
P34897,SHMT2,0,0.64,0.10,0.65,0.91,0.53,-0.75,0.46,-0.40,0.60,-0.41,0.59,-0.21
F8VVM2,SLC25A3,0,0.47,-0.80,0.58,-0.72,0.51,-0.81,0.75,2.68,0.56,-0.74,0.60,-0.40
P20700,LMNB1,0,0.60,0.25,0.42,-0.11,0.46,-0.85,0.42,-0.11,0.48,-0.77,0.37,0.18
P26373,RPL13,0,0.69,-0.55,0.64,0.60,0.50,-0.83,0.56,-0.61,0.49,-0.77,0.67,-0.01
P16401,H1-5,0,0.61,-0.02,0.56,-0.63,0.16,15.66,0.64,0.80,0.09,19.95,0.27,9.12
Q15637,SF1,0,0.55,-0.80,0.46,-0.50,0.49,-0.85,0.54,-0.56,0.64,-0.29,0.67,0.81
P62244,RPS15A,0,0.26,5.79,0.32,3.32,0.22,7.99,0.38,-0.42,0.27,5.71,0.15,16.11
P26368,U2AF2,0,0.10,16.88,0.00,0.00,0.33,2.66,0.04,25.55,0.39,0.46,0.26,3.72
P00558,PGK1,0,0.25,6.15,0.45,0.06,0.22,9.70,0.46,-0.76,0.50,-0.74,0.29,2.72
P36542,ATP5F1C,0,0.49,0.26,0.00,0.00,0.57,-0.75,0.48,-0.74,0.41,-0.45,0.54,-0.84
P62280,RPS11,0,0.37,0.36,0.46,-0.61,0.32,3.25,0.43,-0.14,0.19,10.88,0.36,1.06
P31947,SFN,0,0.50,-0.53,0.47,-0.49,0.63,0.62,0.45,-0.73,0.70,2.12,0.49,-0.81
P62937,PPIA,0,0.35,-0.11,0.40,0.52,0.40,-0.38,0.51,-0.83,0.45,-0.65,0.51,-0.84
H7C2W9,RPL31,0,0.57,-0.71,0.53,0.33,0.45,-0.42,0.57,-0.45,0.45,1.11,0.00,0.00
P13073,COX4I1,0,0.57,-0.21,0.50,-0.74,0.45,-0.50,0.59,-0.38,0.58,-0.61,0.57,-0.70
P62854,RPS26,0,0.48,-0.76,0.40,0.00,0.49,-0.75,0.26,3.45,0.50,-0.81,0.20,8.91
C9JD32,RPL23,0,0.53,0.69,0.50,0.91,0.51,-0.70,0.00,0.00,0.53,0.23,0.00,0.00
P62258,YWHAE,0,0.64,-0.65,0.36,-0.16,0.51,-0.55,0.00,0.00,0.51,-0.59,0.52,-0.80
A0A286YFA2,PHGDH,0,0.43,1.74,0.51,-0.48,0.44,-0.42,0.60,-0.71,0.23,2.76,0.50,-0.78
P53985,SLC16A1,0,0.11,18.41,0.07,23.05,0.28,4.80,0.08,20.51,0.22,6.24,0.13,16.13
P26641,EEF1G,0,0.63,0.86,0.40,0.04,0.69,1.76,0.17,3.97,0.75,1.36,0.18,4.95
Q9NZ01,TECR,0,0.40,-0.47,0.42,-0.12,0.44,-0.11,0.00,0.00,0.45,-0.39,0.53,-0.85
O75629,CREG1,0,0.03,24.92,0.03,26.64,0.03,5.00,0.02,25.67,0.04,24.99,0.02,26.40
E7EQV9,RPL15,0,0.38,-0.34,0.41,-0.49,0.60,0.43,0.00,0.00,0.49,-0.74,0.00,0.00
P18669,PGAM1,0,0.72,2.30,0.44,-0.55,0.11,16.84,0.59,-0.06,0.15,15.53,0.54,-0.76
P11279,LAMP1,0,0.61,0.79,0.61,-0.77,0.55,-0.85,0.54,-0.59,0.35,4.38,0.52,-0.83
Q9UJV9,DDX41,0,0.63,-0.31,0.00,0.00,0.00,0.00,0.74,0.20,0.00,0.00,0.24,6.29
A0A024QZ42,PDCD6,0,0.74,2.79,0.38,3.85,0.61,-0.75,0.00,0.00,0.00,0.00,0.58,-0.65
Q9HCY8,S100A14,0,0.62,0.04,0.57,-0.69,0.64,-0.65,0.67,2.78,0.60,0.74,0.51,-0.84
P23490,LORICRIN,0,0.38,1.88,0.47,-0.84,0.36,3.23,0.57,-0.84,0.44,1.87,0.46,0.21
O43240,KLK10,0,0.08,20.72,0.11,20.20,0.07,21.25,0.09,17.96,0.04,24.28,0.05,23.55
Q6P4A8,PLBD1,0,0.53,0.18,0.56,-0.52,0.52,-0.84,0.71,2.81,0.00,0.00,0.00,0.00
M0QZH0,RCN3,0,0.64,0.80,0.00,0.00,0.00,0.00,0.00,0.00,0.00,0.00,0.00,0.00
P78386,KRT85,0,0.00,0.00,0.26,5.91,0.27,8.49,0.00,0.00,0.31,0.46,0.34,3.75
Q8TEM1,NUP210,0,0.00,0.00,0.38,4.15,0.39,0.30,0.00,0.00,0.55,-0.77,0.61,-0.73
Q14525,KRT33B,0,0.00,0.00,0.44,-0.65,0.00,0.00,0.28,0.44,0.55,-0.84,0.00,0.00
O00425,IGF2BP3,0,0.00,0.00,0.75,1.89,0.19,9.14,0.00,0.00,0.25,6.86,0.00,0.00
O75400,PRPF40A,0,0.00,0.00,0.04,26.47,0.32,3.06,0.06,22.38,0.17,14.92,0.00,0.00
P32322,PYCR1,0,0.00,0.00,0.57,-0.83,0.74,1.53,0.17,8.10,0.58,-0.44,0.00,0.00
P27635,RPL10,0,0.00,0.00,0.37,0.74,0.45,-0.08,0.00,0.00,0.30,3.44,0.58,1.15
P09382,LGALS1,0,0.00,0.00,0.52,-0.32,0.46,-0.54,0.64,0.77,0.50,-0.72,0.55,-0.83
H0Y4R1,IMPDH2,0,0.00,0.00,0.31,3.93,0.40,-0.18,0.00,0.00,0.40,0.47,0.56,-0.16
P04279,SEMG1,0,0.00,0.00,0.67,-0.69,0.00,0.00,0.92,2.86,0.00,0.00,0.00,0.00
E9PQD7,RPS2,0,0.00,0.00,0.51,-0.18,0.47,-0.60,0.48,-0.21,0.51,-0.84,0.63,0.81
P50502,ST13,0,0.00,0.00,0.44,0.22,0.00,0.00,0.00,0.00,0.00,0.00,0.00,0.00
E9PLL6,RPL27A,0,0.00,0.00,0.44,1.34,0.37,0.46,0.58,1.57,0.39,0.76,0.00,0.00
J3QQQ9,3 SV,0,0.00,0.00,0.64,-0.63,0.62,0.56,0.41,-0.16,0.41,-0.79,0.00,0.00
P35658,NUP214,0,0.00,0.00,0.00,0.00,0.47,-0.67,0.00,0.00,0.00,0.00,0.00,0.00
P19474,TRIM21,0,0.00,0.00,0.00,0.00,0.20,9.90,0.00,0.00,0.18,11.75,0.21,9.21
P14866,HNRNPL,0,0.00,0.00,0.00,0.00,0.51,-0.83,0.00,0.00,0.51,-0.84,0.00,0.00
Q96EP5,DAZAP1,0,0.00,0.00,0.00,0.00,0.49,-0.78,0.39,0.34,0.23,6.04,0.48,-0.84
P31942,HNRNPH3,0,0.00,0.00,0.00,0.00,0.69,-0.46,0.55,-0.75,0.51,-0.79,0.34,-0.06
P38919,EIF4A3,0,0.00,0.00,0.00,0.00,0.51,-0.79,0.00,0.00,0.53,-0.84,0.00,0.00
O43809,NUDT21,0,0.00,0.00,0.00,0.00,0.45,-0.54,0.00,0.00,0.46,-0.59,0.35,1.99
Q9NVI7,ATAD3A,0,0.00,0.00,0.00,0.00,0.34,-0.43,0.00,0.00,0.39,0.27,0.34,0.19
Q9UMS4,PRPF19,0,0.00,0.00,0.00,0.00,0.47,-0.67,0.00,0.00,0.52,-0.85,0.00,0.00
O60232,ZNRD2,0,0.00,0.00,0.00,0.00,0.22,7.92,0.00,0.00,0.25,6.24,0.00,0.00
Q9BYJ9,YTHDF1,0,0.00,0.00,0.00,0.00,0.54,0.05,0.00,0.00,0.00,0.00,0.00,0.00
Q92841,DDX17,0,0.00,0.00,0.00,0.00,0.53,-0.84,0.00,0.00,0.54,-0.82,0.50,-0.84
P55795,HNRNPH2,0,0.00,0.00,0.00,0.00,0.36,1.29,0.00,0.00,0.30,5.92,0.00,0.00
Q13310,PABPC4,0,0.00,0.00,0.00,0.00,0.46,-0.55,0.00,0.00,0.65,2.45,0.00,0.00
P11908,PRPS2,0,0.00,0.00,0.00,0.00,0.26,4.94,0.00,0.00,0.32,3.04,0.15,8.08
P12814,ACTN1,0,0.00,0.00,0.00,0.00,0.56,0.58,0.00,0.00,0.52,-0.80,0.00,0.00
A0A0J9YYL3,PUF60,0,0.00,0.00,0.00,0.00,0.65,1.76,0.00,0.00,0.46,-0.22,0.00,0.00
P20073,ANXA7,0,0.00,0.00,0.00,0.00,0.35,1.07,0.41,0.34,0.00,0.00,0.00,0.00
O43143,DHX15,0,0.00,0.00,0.00,0.00,0.46,-0.54,0.00,0.00,0.42,0.07,0.52,-0.84
Q15393,SF3B3,0,0.00,0.00,0.00,0.00,0.44,-0.13,0.00,0.00,0.46,-0.43,0.00,0.00
P35637,FUS,0,0.00,0.00,0.00,0.00,0.28,6.16,0.30,-0.75,0.44,-0.53,0.00,0.00
F8VZX2,PCBP2,0,0.00,0.00,0.00,0.00,0.49,-0.40,0.00,0.00,0.57,0.13,0.00,0.00
F8WJN3,CPSF6,0,0.00,0.00,0.00,0.00,0.52,-0.69,0.00,0.00,0.46,-0.73,0.00,0.00
Q9Y5S9,RBM8A,0,0.00,0.00,0.00,0.00,0.57,-0.57,0.00,0.00,0.59,-0.43,0.46,-0.74
Q86U42,PABPN1,0,0.00,0.00,0.00,0.00,0.57,-0.81,0.00,0.00,0.53,-0.85,0.00,0.00
Q15365,PCBP1,0,0.00,0.00,0.00,0.00,0.39,2.15,0.00,0.00,0.41,0.16,0.00,0.00
Q13435,SF3B2,0,0.00,0.00,0.00,0.00,0.60,-0.80,0.00,0.00,0.47,-0.81,0.00,0.00
Q16629,SRSF7,0,0.00,0.00,0.00,0.00,0.54,-0.83,0.00,0.00,0.51,-0.84,0.85,1.48
P40429,RPL13A,0,0.00,0.00,0.00,0.00,0.35,2.03,0.47,-0.77,0.49,-0.79,0.00,0.00
P78527,PRKDC,0,0.00,0.00,0.00,0.00,0.55,-0.68,0.70,1.45,0.52,-0.43,0.55,-0.20
P36383,GJC1,0,0.00,0.00,0.00,0.00,0.45,-0.48,0.00,0.00,0.50,-0.79,0.00,0.00
Q96DI7,SNRNP40,0,0.00,0.00,0.00,0.00,0.53,-0.85,0.00,0.00,0.45,-0.76,0.15,13.43
P62316,SNRPD2,0,0.00,0.00,0.00,0.00,0.46,-0.43,0.00,0.00,0.47,-0.47,0.00,0.00
Q96AG4,LRRC59,0,0.00,0.00,0.00,0.00,0.37,3.34,0.00,0.00,0.52,-0.85,0.00,0.00
Q8N1F7,NUP93,0,0.00,0.00,0.00,0.00,0.21,8.52,0.00,0.00,0.18,10.46,0.00,0.00
P83731,RPL24,0,0.00,0.00,0.00,0.00,0.44,-0.61,0.00,0.00,0.43,-0.26,0.67,1.64
Q5VV87,MGST3,0,0.00,0.00,0.00,0.00,0.42,2.16,0.00,0.00,0.39,0.17,0.00,0.00
H7C463,IMMT,0,0.00,0.00,0.00,0.00,0.14,12.85,0.00,0.00,0.14,15.06,0.03,27.00
Q12874,SF3A3,0,0.00,0.00,0.00,0.00,0.63,-0.15,0.00,0.00,0.53,-0.33,0.00,0.00
P46940,IQGAP1,0,0.00,0.00,0.00,0.00,0.36,4.03,0.00,0.00,0.00,0.00,0.00,0.00
A0A2R8Y849,RPS24,0,0.00,0.00,0.00,0.00,0.53,-0.84,0.54,-0.69,0.58,-0.77,0.00,0.00
P46783,RPS10,0,0.00,0.00,0.00,0.00,0.44,-0.45,0.00,0.00,0.56,-0.32,0.00,0.00
E9PK91,BCLAF1,0,0.00,0.00,0.00,0.00,0.48,0.33,0.00,0.00,0.33,1.84,0.00,0.00
K7ERI7,RPL22,0,0.00,0.00,0.00,0.00,0.63,1.08,0.00,0.00,0.50,0.11,0.00,0.00
Q9Y277,VDAC3,0,0.00,0.00,0.00,0.00,0.38,-0.57,0.00,0.00,0.50,-0.75,0.00,0.00
X6RDA4,PSPC1,0,0.00,0.00,0.00,0.00,0.39,3.75,0.00,0.00,0.00,0.00,0.00,0.00
E5RI99,RPL30,0,0.00,0.00,0.00,0.00,0.35,4.39,0.00,0.00,0.40,-0.48,0.00,0.00
E7EPA1,PRPSAP2,0,0.00,0.00,0.00,0.00,0.24,7.85,0.00,0.00,0.23,8.63,0.00,0.00
B5MDF5,RAN,0,0.00,0.00,0.00,0.00,0.43,-0.82,0.00,0.00,0.41,0.53,0.00,0.00
O75494,SRSF10,0,0.00,0.00,0.00,0.00,0.57,-0.69,0.00,0.00,0.62,0.73,0.00,0.00
P26196,DDX6,0,0.00,0.00,0.00,0.00,0.24,7.56,0.00,0.00,0.00,0.00,0.00,0.00
Q12996,CSTF3,0,0.00,0.00,0.00,0.00,0.44,-0.81,0.00,0.00,0.51,-0.85,0.00,0.00
Q9ULV4,CORO1C,0,0.00,0.00,0.00,0.00,0.41,-0.55,0.00,0.00,0.40,0.75,0.00,0.00
Q9UKF6,CPSF3,0,0.00,0.00,0.00,0.00,0.43,-0.20,0.00,0.00,0.47,-0.68,0.00,0.00
P62306,SNRPF,0,0.00,0.00,0.00,0.00,0.76,2.87,0.00,0.00,0.64,0.27,0.00,0.00
P84098,RPL19,0,0.00,0.00,0.00,0.00,0.22,10.07,0.00,0.00,0.33,1.79,0.00,0.00
Q02978,SLC25A11,0,0.00,0.00,0.00,0.00,0.54,-0.78,0.00,0.00,0.54,-0.82,0.52,-0.85
P62304,SNRPE,0,0.00,0.00,0.00,0.00,0.49,-0.83,0.00,0.00,0.54,-0.79,0.00,0.00
A0A2R8Y811,RPS14,0,0.00,0.00,0.00,0.00,0.40,-0.62,0.59,0.30,0.00,0.00,0.00,0.00
Q9UQ35,SRRM2,0,0.00,0.00,0.00,0.00,0.53,-0.62,0.00,0.00,0.53,-0.84,0.00,0.00
F8VRN8,LIMA1,0,0.00,0.00,0.00,0.00,0.38,0.86,0.00,0.00,0.16,9.04,0.00,0.00
Q07666,KHDRBS1,0,0.00,0.00,0.00,0.00,0.47,-0.73,0.00,0.00,0.56,-0.09,0.00,0.00
O43660,PLRG1,0,0.00,0.00,0.00,0.00,0.53,-0.75,0.00,0.00,0.50,-0.80,0.00,0.00
E7ET15,U2SURP,0,0.00,0.00,0.00,0.00,0.32,4.74,0.00,0.00,0.47,-0.05,0.00,0.00
Q9H307,PNN,0,0.00,0.00,0.00,0.00,0.70,2.01,0.00,0.00,0.64,0.26,0.00,0.00
Q9Y3U8,RPL36,0,0.00,0.00,0.00,0.00,0.24,5.91,0.00,0.00,0.32,2.70,0.00,0.00
A0A0A0MRM8,MYO6,0,0.00,0.00,0.00,0.00,0.16,13.20,0.00,0.00,0.36,1.75,0.00,0.00
Q01081,U2AF1,0,0.00,0.00,0.00,0.00,0.23,5.05,0.00,0.00,0.47,-0.50,0.00,0.00
Q9H0U3,MAGT1,0,0.00,0.00,0.00,0.00,0.45,-0.74,0.00,0.00,0.00,0.00,0.59,1.30
M0R3D6,RPL18A,0,0.00,0.00,0.00,0.00,0.49,-0.82,0.00,0.00,0.41,0.15,0.00,0.00
Q9UN86,G3BP2,0,0.00,0.00,0.00,0.00,0.53,-0.84,0.00,0.00,0.00,0.00,0.00,0.00
P18077,RPL35A,0,0.00,0.00,0.00,0.00,0.47,-0.82,0.00,0.00,0.53,-0.83,0.00,0.00
P29692,EEF1D,0,0.00,0.00,0.00,0.00,0.00,0.00,0.37,-0.03,0.00,0.00,0.00,0.00
Q13151,HNRNPA0,0,0.00,0.00,0.00,0.00,0.00,0.00,0.46,-0.26,0.00,0.00,0.00,0.00
P48047,ATP5PO,0,0.00,0.00,0.00,0.00,0.00,0.00,0.00,0.00,0.25,8.62,0.00,0.00
Q9Y6Y0,IVNS1ABP,0,0.00,0.00,0.00,0.00,0.00,0.00,0.00,0.00,0.10,14.20,0.00,0.00
B4DLN1,B4DLN1,0,0.00,0.00,0.00,0.00,0.00,0.00,0.00,0.00,0.55,-0.82,0.00,0.00
P30048,PRDX3,0,0.00,0.00,0.00,0.00,0.00,0.00,0.00,0.00,0.38,2.94,0.00,0.00
Q13283,G3BP1,0,0.00,0.00,0.00,0.00,0.00,0.00,0.00,0.00,0.34,-0.80,0.00,0.00
P02787,TF,0,0.00,0.00,0.00,0.00,0.00,0.00,0.00,0.00,0.00,0.00,0.51,-0.85
